"0","tamaramorrison@hotmail.com","pbkdf2:sha256:260000$EppN3Cf7rA2xpfFK$5fae9073e5d38490611ca408eda7a1a52f71da4f3943e70166995d3d87caf817","Gary","Cross","9342 Lori Bypass Suite 711
East Sandra, CO 92162","70857.87"
"1","carlsonholly@yahoo.com","pbkdf2:sha256:260000$yYCJhxdtXxiCMjVx$689edc3e19316ef6ada4a45bcb0e752723f5ad79ed86fbfd70ca8613c6c77893","Tracy","Robbins","230 Megan Junctions Suite 197
North Thomas, OK 67164","40821.83"
"2","bairdemma@hotmail.com","pbkdf2:sha256:260000$y6bxcgr29LRPhJIE$4ccbaa8a8a332e238794cea5987e6a42f5cf1b0c9110e810fb31a099b6d458b0","Anthony","Carson","4217 Burton Brooks
Robinville, KS 17988","85664.66"
"3","zsmith@hotmail.com","pbkdf2:sha256:260000$iwdoHDPNZR5qj9D2$25b0dce7b86667de0204a99e68a21f9c826f25d9871386475445e8540917e6bf","Sara","Evans","361 Robinson Green Apt. 635
North Lynntown, NC 59694","98623.86"
"4","berryerika@hotmail.com","pbkdf2:sha256:260000$PA3u61lBjkikGGzP$11aca2f8e6c0cbe08212b95aa8506462dc8c02f5349931a002d9f338c6089f6c","Charles","Scott","634 Petersen Orchard
Lawsonbury, AK 86613","31.94"
"5","debra94@gmail.com","pbkdf2:sha256:260000$gPMH1ET256SL6kFG$d5f420c0c8e0ef12100f978298006f629f98ce32ccf0d44795f348d9ebd2d570","John","Ellis","306 Watson Field
Kellyland, AZ 64223","33473.03"
"6","eric22@gmail.com","pbkdf2:sha256:260000$gYshiNMqKkAaTAuQ$666d31a04499adb4bc2fc13d1e951672fba179af99d0ad52055ede87d0f19b9b","Melissa","Cantu","45602 Phillip Squares
East Robertside, WA 19150","77473.54"
"7","bramirez@gmail.com","pbkdf2:sha256:260000$aLPcwMA9rkmDpcR7$ea0b1ab3aef261a9f32e0dd32a70ea7d89910f03a69623e4dfd7213c41f62f44","Michael","Montgomery","46896 Garcia Glen
Justinborough, CO 05147","9234.33"
"8","yroman@hotmail.com","pbkdf2:sha256:260000$EOKNumTrW2zZEW0a$15f9d1f7d94b1d8579c1447ab558269e9836a77243ad311c3d232f3c8c767577","Andrew","Oliver","90603 Monica Lakes Apt. 239
Cheyennehaven, LA 46778","53927.58"
"9","nhenson@yahoo.com","pbkdf2:sha256:260000$GDeU4WBII4TOvNHi$4a2f888618d6bc1b96fc8d6c9a37bb48de3b6f0d69144b4b5294d18a9c13a1e1","Kristen","Smith","602 Tracy Crossroad Suite 556
New Rachelside, ID 93702","38881.99"
"10","jensenanthony@hotmail.com","pbkdf2:sha256:260000$He2eVGLTqxc1nFvj$93d97c443456ac344400412ed00009526cfe1114a4d8f0ce6db580fcce2726e4","Mark","Burnett","38277 Padilla Common Suite 296
Port Leslie, MS 08257","27349.04"
"11","jennifersimmons@hotmail.com","pbkdf2:sha256:260000$3n04lNWQewuxttSc$6c16c53a454216b7f18a1dbb9977c85584fde34bf7629ed12541ed7d12f7e68b","Cassandra","Murphy","299 Johnny Valley Suite 007
West Kellyberg, IA 67011","46636.20"
"12","stephanie28@gmail.com","pbkdf2:sha256:260000$iCYh3fiDFog4zU7Z$04c3c37b164a546de1530e051e8fbf5dd3ae617f30a418bf865b45285930fa87","Amber","Moore","188 Fischer Grove
Justinchester, VT 37258","33841.68"
"13","mark06@yahoo.com","pbkdf2:sha256:260000$62RynkvtSd8YgFSn$e9af867763c32830384661facf96c4881ee32b9483f4abddc75c8a6b4530cdd2","David","Macias","550 James Creek
Williamstown, MO 16920","83305.35"
"14","gutierrezbryan@yahoo.com","pbkdf2:sha256:260000$hORUlLUGlneCeqTY$73daa994db17953932285c434d0103cd49576980110300f34e39ebdfbe1e5fe3","Kelly","Mckinney","251 Brown Knoll
Emilyshire, NH 54532","23680.03"
"15","andrewholloway@hotmail.com","pbkdf2:sha256:260000$abl9dDxxkb2LMzTa$c5576ce90c64f3715bcedab9c0be536def1600ae8c9a7eace09a2abe2f8698ce","John","Barron","922 French Manor
Bradleymouth, IA 18566","47713.65"
"16","gonzalezsusan@gmail.com","pbkdf2:sha256:260000$Qa56lxMjOYwMM75d$224fd43708e400c693924654bf3c31b746981f928d3dc62b64915ff434228e89","Sarah","Thomas","0486 Evelyn Grove Suite 352
North Christie, AK 56937","75588.50"
"17","deleonwilliam@gmail.com","pbkdf2:sha256:260000$1YGPeZONKe6Dc8oO$c955f8ee594c9bf51ac8261c3a54dbabe5dae83428cf717df03445fc8be7987c","Maria","Harris","693 Erickson Lodge
Andrewberg, MS 22958","57797.72"
"18","simpsonstacey@hotmail.com","pbkdf2:sha256:260000$ryiAc0mEuLOdIDpk$f7473d643e4c7d8e8818c23fbfbee62faef5e3b37049b6dd9b6b4cd4e755cdbb","Charles","Shields","635 Valencia Drive Apt. 437
Justinberg, WI 16158","52585.45"
"19","meyerchristine@yahoo.com","pbkdf2:sha256:260000$QtjWCOm60nA08uWh$9959226b40667c126a261b0fdb4eb8862da57f97850c23c15902d6056a803a3f","Aimee","Nichols","66706 Patrick Track
New Stephanietown, MI 92756","48164.43"
"20","lopezsarah@hotmail.com","pbkdf2:sha256:260000$f86ReMn5j46kBLOK$cfae5d8a1afc5c418c84554b3c2e470a3ec1273121c8bb4850ab37fb1d686012","Karen","Perez","50592 Myers Field
Crawfordburgh, AR 44929","99593.87"
"21","janet06@gmail.com","pbkdf2:sha256:260000$2Z7MWxVSXliTqQiC$eb1439457e3d9e3fa80124c41d181afb865e9d8ac59d85b21cae6e0de19a4422","Mark","Mitchell","302 Parker Plains Apt. 197
East Robertstad, CO 98152","3045.98"
"22","martintyler@gmail.com","pbkdf2:sha256:260000$dLQuTSYrE3H2G86o$e901f4c0568492f0b8e7c105edce867f1d35c00f6b03f3c1b8076426b1fb1f07","Timothy","Anderson","51986 John Cove Apt. 927
New Marybury, CT 73611","92719.27"
"23","hendersongavin@gmail.com","pbkdf2:sha256:260000$3y4b6XJgAJbwAPwJ$31c7c552948b6736222adc71770069e579a92c6ca61ec7c357a4e8f3ea01498e","Alejandra","Singleton","0314 Madison Crossroad Suite 058
Martinezbury, LA 35700","52981.55"
"24","twright@hotmail.com","pbkdf2:sha256:260000$WM8EtUSPQNsLKFQY$e9140c8be2041279a97ad256483b435997ce274d50ff9fcb7275be1e6f6a6b0d","Kim","Nolan","92555 Shaw Spurs Suite 207
New Randy, ME 58221","18261.60"
"25","jack27@hotmail.com","pbkdf2:sha256:260000$zfvqj1qN2dy52nps$400308521ec83b212e418d46ed3cb5ef5f821d1e4deed9453986257fe3b9eb9a","William","Smith","300 Merritt Bypass Apt. 816
Martinborough, AR 44951","18110.40"
"26","newtonsean@hotmail.com","pbkdf2:sha256:260000$eEFDJIAaPDVulcT5$da3f02d02c6e21322775e98e40b141227a8ab51b39668f18a5916a557933eda3","Lisa","Beltran","392 Barbara Heights
Johnnyfurt, AL 83909","6756.67"
"27","destinywoods@hotmail.com","pbkdf2:sha256:260000$eQhEsDTJXfpowHj0$fc8d7bf486ecf1ba4df17807975676798231ccc3aa43c62e654573e336e3b3d1","Rachael","Diaz","78264 Lewis Burg
Lutzburgh, NV 41821","75810.41"
"28","santanajimmy@gmail.com","pbkdf2:sha256:260000$qvFqqAtfyuDZzlug$724da98a9417c4a6021030a3e7b3b5aec5ffdb2042eaba4faa16e04605566b30","Patrick","Graves","96299 Joshua Estate Apt. 932
East Jonathan, ME 19541","96262.78"
"29","yfitzgerald@hotmail.com","pbkdf2:sha256:260000$HvYdBNV0uMGJAHqX$af1fd651081487d1adcadb4ff0d50aa79817036f3048401a21b92c1666e1c947","Katherine","Gomez","049 Black Ports
Clarkborough, CO 13289","70163.51"
"30","luke15@gmail.com","pbkdf2:sha256:260000$i99wG0UTSAzd30na$5a5382c0bdb1f057be62e456c5af41493875dc4fcab13389a12f029d7670ad4a","Jacqueline","Howell","Unit 8666 Box 0271
DPO AA 83004","86666.19"
"31","tbraun@gmail.com","pbkdf2:sha256:260000$e4ZkgLUBI0KmFs8F$1a0c67a5d78fa9d19125b2d9ea030b227b415ca8e188174aa8b2039916c496d0","Mario","Shelton","55466 Tonya Shoal Apt. 319
East Monique, NV 42401","1400.97"
"32","aanderson@hotmail.com","pbkdf2:sha256:260000$pNQEk3wlrNf8S8G6$2bd8ddfeecebb10624f808801e09dbfab86caaab0baaacf51eb2eec2b0ce3144","Timothy","Hayden","61604 Kevin Pine Apt. 850
North Christopher, MA 59789","26004.31"
"33","dawn57@hotmail.com","pbkdf2:sha256:260000$S8JM5EyNBkp0O51I$ebc235d73e90cef3857002673de7fd291757e772a29fa6b5c3c32bf6c179292f","Janet","Ford","USNV Lowe
FPO AE 13859","60199.93"
"34","terry54@yahoo.com","pbkdf2:sha256:260000$N5BvV5gfhaqKavBa$67c2a4fbcfd7d622d07a133cdf8efa4764ec86d2aebd50d8024d1c0049aa64fd","Michael","Brown","PSC 2506, Box 7741
APO AP 30222","43437.29"
"35","terrymiller@gmail.com","pbkdf2:sha256:260000$VtCjcQDxeh7qoOFj$af11ee43dfa27ab455d6996036a719f916c9eb6de1b8e39d6e4f249130caf732","Preston","Dawson","USNS Flynn
FPO AE 93430","8561.77"
"36","kimberly24@gmail.com","pbkdf2:sha256:260000$y6OzWWpSIP321y9u$721469169b7dcf1e79a15ccb5b5696154f6da8333f246ac7f27bd66a774e8182","Frank","Galloway","Unit 1560 Box 4324
DPO AA 69154","83090.14"
"37","johnny46@hotmail.com","pbkdf2:sha256:260000$a6MeUj33BMzuIG6C$6e1b999e8c5d6d88ec2f383ab1bc86ef5a7796a2545f00ac749a7168cfcf4483","Timothy","Kerr","4600 Peters Union
Jennifertown, NM 89462","51120.68"
"38","freynolds@yahoo.com","pbkdf2:sha256:260000$slqGTA5d76FXu5Jb$aec28d3ea833711f205bfc88b8b389c0607e8033f85121bd084a348e6f3d75c0","Julie","Taylor","3412 Morris Highway
Cooperburgh, DC 92892","44545.28"
"39","lewisabigail@yahoo.com","pbkdf2:sha256:260000$Gdrt4W8rCdzhofKl$f77a2419c71def7dc17f282ded942c8601cecec5218736d1aa824f632cb6fb8d","Brittany","Wilson","8647 Donald Extensions
Perezbury, DC 58169","56912.12"
"40","richard56@yahoo.com","pbkdf2:sha256:260000$Dt1agOAsU9A1zE7Y$dfa9d83451b4b4539b3201353f5452931eb3da0b2618b57bc47737f321cc42b3","Daniel","Cortez","6622 Lee Extension Apt. 148
New Melissa, NM 16412","63080.31"
"41","rfuentes@yahoo.com","pbkdf2:sha256:260000$ZAPXrXACm42LZinJ$b693fb7eef70f50c67febf9e121f0378d490d28db752c849d71d06ba6c234661","Karen","Snyder","1245 Lawson Overpass
Smithmouth, FL 54778","3494.38"
"42","amandarobinson@hotmail.com","pbkdf2:sha256:260000$alxPnFYdUBqA14hF$e95dcd245cb6fdff85c42a39aa0c1d9bd0b39616b4ae21961dec02c1047d970b","Christopher","Barber","Unit 9122 Box 9990
DPO AA 34602","28023.68"
"43","gstone@yahoo.com","pbkdf2:sha256:260000$JhHiJszWQAajYIXl$f3d8176a720b9e88f0dc203d5b96f2074c9ea5982d297c9b4bafeed7f851580e","Alexis","Williams","7803 Ellis Ferry
East Austin, LA 99768","42407.42"
"44","ginamartinez@yahoo.com","pbkdf2:sha256:260000$bM1SKitEArcNhpMB$d7a364efae1011eeceb206e0d4c1333362bf34fc4bcd77d38582a45791810e44","Michelle","Estrada","0808 Cohen Glens Apt. 841
New Theresaside, HI 19821","15978.36"
"45","fitzgeraldtim@hotmail.com","pbkdf2:sha256:260000$ypXYWMKMws82H5PR$ef31f27dbf6445945856d0832283fe759de2bdc9bf7097f59965afcd9440ed00","Danielle","Valdez","PSC 7459, Box 1306
APO AA 67637","93146.43"
"46","woodbrian@gmail.com","pbkdf2:sha256:260000$OY2oioeahUyYlvmI$9cdae0c5016137648d49e4fd50404bfb69dc52dda6df610552be5135555d581a","Kristie","Maynard","585 Archer Ridges Apt. 323
North Donald, PA 73851","11998.75"
"47","jennaarnold@yahoo.com","pbkdf2:sha256:260000$QBUwatWBXvopqSek$de99cdfbb738ea5b234558ffb647916a7f13ad7b77a434c482cd6ec322ccfb75","Julie","Black","28045 Ward Lights
Grantport, NJ 06309","70856.64"
"48","singhjohn@hotmail.com","pbkdf2:sha256:260000$8sPSCd8tO7gUTdNe$eedb0b1036b34277d0ea0e96e2860a97380bf6147f03d7768b679fff61f8d128","Adam","Coffey","0831 Anthony Street Suite 239
Fernandezchester, NV 34901","22539.04"
"49","lbaker@yahoo.com","pbkdf2:sha256:260000$4uIYDUfpJp8VOaoJ$4aeb576af3cfbc75edcdab69d2ad08593058bb897de903da34b6e6283c8ce4af","Daniel","Warren","42571 Hogan Grove Suite 263
East Brandi, NE 86862","76889.90"
"50","qanderson@hotmail.com","pbkdf2:sha256:260000$W55gS2hWl42c1xZs$87b5025d3d06ed607cca50f09ee73cd8d97c82cd7052d0eb9e0e4cb50d46412a","Sean","Perez","69757 Anthony Rapid
Sandovalchester, ME 19179","38027.63"
"51","pamela20@gmail.com","pbkdf2:sha256:260000$tc8ypWNTvh9QoKjl$4746e82c0d13545adc20be636b603b4b72163614807225a134bf45d9a045957f","Russell","Rodriguez","55899 Ryan Station Apt. 198
East Marcus, MO 19416","5378.10"
"52","jennifergarcia@yahoo.com","pbkdf2:sha256:260000$8mEgW5GC6rxT6Ctm$b756fa36a36677a5b861fa674456238c996f2f4618454bc1d43903d4905d154e","Austin","Myers","USCGC Green
FPO AA 25485","59336.85"
"53","angelahall@hotmail.com","pbkdf2:sha256:260000$pfc6QKugMxvzVMnj$8e9ed518a1c9b4fc803c09a675dfd2b303ab153fb5f8f24645e42f64be87d5fc","Donald","Doyle","871 David Spurs
Jonesbury, WV 16024","20372.55"
"54","kristinperry@yahoo.com","pbkdf2:sha256:260000$N5ClYOzNPsY4WcJE$f3a421911dca2687a8453ec158cb8a4addd205592b539129e924ca5b5878b824","Jennifer","Marshall","47990 Austin Ridges Apt. 256
New Kelly, NM 32845","83605.09"
"55","joshua55@gmail.com","pbkdf2:sha256:260000$OxadEhNX5qSebcj8$18ce23f55e7b8a63d62f3cdc5bfb646f53a1eff8def82903e52ce4c480547f8b","Allison","Gomez","122 Perry Plain
Jenniferstad, NY 97453","1425.66"
"56","murphyelizabeth@yahoo.com","pbkdf2:sha256:260000$glY2rBsF9Q5mKewq$0102cb4dc99572144512f64c5235d2bd1a68f4169c60ecf5e4cefb6cc979630e","Duane","Anderson","83999 Kimberly Tunnel Apt. 342
South Jesse, IN 52392","52081.54"
"57","caleb93@hotmail.com","pbkdf2:sha256:260000$V0dkCQ6465VKHMnw$ffc39e52fa952bc7116d5fba05eb48ab6ed36e6494bf801d8f96203cd2f68d67","Dorothy","Phillips","Unit 8412 Box 0898
DPO AA 73287","63287.35"
"58","alexandra22@yahoo.com","pbkdf2:sha256:260000$5wwGBEsZSnL1yz52$d110d803258491cdb8f4e3efc76403d3de1d8bd9a8bd72d6f1528b02a94198b1","Linda","Prince","8482 Nathan Locks Apt. 206
New Josephshire, MD 31426","98620.02"
"59","laurajones@yahoo.com","pbkdf2:sha256:260000$NjV94rIM12696uOo$eafb6f4433a68032520eed2f965dd2bb1e0b1ffc86907134461fbb4398cda00e","Tracy","Shannon","56119 Michael Expressway
Stevenmouth, WI 38400","42238.54"
"60","alexander01@yahoo.com","pbkdf2:sha256:260000$DI8rQ1M8co4i384Q$09c22d7733bee3ca5bab1ebe07add7b322aae3792cbf7b4a2972ab54a5ad974a","Suzanne","Stuart","016 Robert Vista
Andrewsport, MS 01233","69637.04"
"61","savannahsoto@hotmail.com","pbkdf2:sha256:260000$q2hJPoVbvIIxaBuF$2d4c90a025f797f00d55cca89fdd13d2506fd46f4186115feff0ed23d2719477","Jaclyn","Sanders","1034 Jason Corner Apt. 239
Walshport, GA 32010","85069.66"
"62","trobinson@gmail.com","pbkdf2:sha256:260000$IG81RC6ftgFBu1VE$a088f4ee8c64825a1adefee263a5ab8cd35c94984aa0f13b4ffcebe7c02f7ebd","Dr.","DVM","831 Wilson Center
Lucaston, TX 96089","19578.65"
"63","vhansen@gmail.com","pbkdf2:sha256:260000$dcC9n7vQvxLHbRYo$d7504b545f8d726a3a66214b8935217d15fe5dc92dccfb047a9cffaa09c4bddf","Erika","Long","38606 Lawrence Points Apt. 115
Patelborough, NH 23123","82697.82"
"64","opoole@hotmail.com","pbkdf2:sha256:260000$TEtglu7kMX4BLuwZ$0bf5886a1fe64983f1dc3edfbf320882bbb05f6db144286c86b3ea77bf345fc1","Larry","Palmer","9737 Knight Tunnel Suite 667
East Timothy, ID 06090","64940.00"
"65","andrewcole@yahoo.com","pbkdf2:sha256:260000$SN2QUnvsPucmDqdo$4007fff1d6cafdbf20a9c9a034f0241c877e77a8de663010c06269faea29e72a","Tamara","Gonzalez","157 Rivera Vista Apt. 019
Gonzalesmouth, AL 33528","32211.05"
"66","robinfletcher@hotmail.com","pbkdf2:sha256:260000$zLaeI8vNkN7sA6Ku$bb0c461da132a487240035b4d3a69373c164e288466ca1e410283ff2252dc1aa","Dennis","Taylor","PSC 8833, Box 5397
APO AP 07037","54195.77"
"67","bbrown@yahoo.com","pbkdf2:sha256:260000$n3jY3MT4lTaJgIVt$12c4ebd6476ea25106d4f288bf90e5e7bf297b783ad406e5e11185332f5ee562","Thomas","Underwood","2906 Wright Canyon
Lake Shaun, FL 29880","80358.93"
"68","ericacampbell@yahoo.com","pbkdf2:sha256:260000$3dxdQVxeitsOPfQI$c704a893c81c570248a2e972d0699ce711d80c15e2cfe92eb3394eaf23a8def4","Frank","Davis","Unit 5296 Box 7262
DPO AE 05483","48976.59"
"69","stevenhartman@gmail.com","pbkdf2:sha256:260000$n9tdCIcOAF74pb8U$4b87233c5b8567608af6795e51c46fc9ebf0bf892e1d30baba5ff96cd74c5be7","Lori","Roberts","4354 Gregory Squares Suite 676
New Brent, NC 98066","6581.84"
"70","opark@gmail.com","pbkdf2:sha256:260000$VrC0zRHj6lFDawSN$f1f24455947c335cb56615bdf790ed3bc2faaec5031655397f1463f3076dc9aa","Charles","Beck","451 Katie Row Apt. 782
South Jacobfort, AK 31700","24479.25"
"71","kelly65@hotmail.com","pbkdf2:sha256:260000$vI26U118FAHJi5SQ$17e6abac4566627c34616f6e798471701dcb60103cc451ac9f700d6a975d64be","Blake","Williams","625 Stephanie Fort
South Larry, NV 94286","57834.69"
"72","claytonperry@yahoo.com","pbkdf2:sha256:260000$M9oLtzgfuMHBZxk2$795b47a5799ee83ec991bc8c7acac7cfacd379dbbbf3fb7e0395fd74e50e727a","Kevin","Edwards","Unit 7882 Box 0107
DPO AE 27623","43025.73"
"73","rodriguezbrandon@gmail.com","pbkdf2:sha256:260000$UqpAf4WfGz6zm01T$61948d08f1e07f355d513ec87472ceea34519d96782a5e1837054452c4ae0718","Michael","Smith","71399 Lindsay Expressway Apt. 974
Nicoleburgh, NY 78950","51556.40"
"74","mforbes@yahoo.com","pbkdf2:sha256:260000$14GSeTRHaAMCGEux$46703df22c2c29250e4c5c3d1a6948c2fec74cb55404918ae3a5b4ccecaa1d03","Donald","Ponce","242 Scott Shoal
West Ryanchester, AL 65745","26825.67"
"75","averyshannon@gmail.com","pbkdf2:sha256:260000$HXA30HQ7yOFJHOYM$52f3cc74aebce37a977d378fb63c0d66db2bf740516787502016d78981868d26","Debra","Garrett","35114 Mcdonald Manor Suite 982
Port Davidfurt, CO 71715","77588.90"
"76","tyler75@hotmail.com","pbkdf2:sha256:260000$YKgOFvPlAH9691Zo$fb0c6d781d77f0a2840f2c4991f8657a303c5c9c06130185ad2c093b763d4b12","Alexis","Phillips","36719 Massey Brooks
East Kathy, MT 74039","89526.42"
"77","stewartadam@gmail.com","pbkdf2:sha256:260000$vDgQLYDGtt5eaTEg$50b87505093d089b27e5fe304a4153f7a7c4160a22fc77bbc1654a2d45bd1c6d","Julie","Parker","9761 Jonathan Squares
East Carly, AZ 07369","150.25"
"78","christopher90@gmail.com","pbkdf2:sha256:260000$q1xZfIJxzkjm40gb$3d785131c56913c0358ae29c41c113ee2f724db9dc6bbbe33a9b6ab0441e849e","Angelica","Cohen","62995 Jamie Forks
Chanland, NC 29740","66680.59"
"79","robertsmakayla@gmail.com","pbkdf2:sha256:260000$FV5eOAWaCGV3AJlB$07ccd04045d818237ac9daf96a4f38e6598bde3c26fb64836bb6916c433a5d1e","Jennifer","Gomez","USNS Hoffman
FPO AE 48930","60390.54"
"80","vmills@hotmail.com","pbkdf2:sha256:260000$ocCV4PIGWZ3Gin70$9f72b2f590a6bdbafe0a08ba2a142d1f1fd7046a5d70770c433268438f1239af","Jeffrey","Smith","0400 Bailey Mountains Suite 232
Port Joshua, NH 18520","28344.34"
"81","maurice65@hotmail.com","pbkdf2:sha256:260000$ZZHU3Nh2ERaM5yPQ$5e588e1619b9b0404b914bea292e28bc7b911a736cd6afc9abdb6f12f0cb43f2","Krista","Thompson","664 Deborah Squares Apt. 415
Pruittberg, ND 64437","71525.10"
"82","joshuapoole@gmail.com","pbkdf2:sha256:260000$uTeJ2F41kaSCZXhX$aa4071349f2ae0a0bedeae26abc7f4fe5a1c46475b1e359b23eb582c19558447","James","Robinson","PSC 7319, Box 5094
APO AP 23071","27611.02"
"83","rodriguezthomas@yahoo.com","pbkdf2:sha256:260000$3LePaophVuYvP8FD$2889865ea8e126a534d62a3ce162951c63a3140bd0a61e301ef13968f869fcc2","Mary","Wood","63888 Lopez Squares Apt. 778
Victoriahaven, UT 04841","27551.21"
"84","chill@hotmail.com","pbkdf2:sha256:260000$2sWCKFKjXKpq4xEV$4dbdbd59760fba65585f9ebac7ae9cc5b3332a7282a5f9cf7ba0b280143b329f","Kristin","Walker","9857 Moyer Harbor Apt. 113
East Joshua, SD 41942","85970.68"
"85","howardtracy@yahoo.com","pbkdf2:sha256:260000$wAY2metjxtQgUKvR$48d718cd5f79d274942b57ffe88812164b6f17b7044db64001c2e54478ffb597","Sherri","Perkins","89026 Reed Bypass Apt. 925
Port Tamara, LA 81217","63309.83"
"86","kforbes@hotmail.com","pbkdf2:sha256:260000$Hl0Eg6YwmGLJNlJM$c54ed0a7540ba81ded1b7e359a31928e6337ebfa23fefd7c89bf9b6216e3f2e1","Sabrina","Cherry","Unit 5592 Box 5497
DPO AE 68367","26849.39"
"87","janetwarren@hotmail.com","pbkdf2:sha256:260000$xrxcPSVRJSclE5Gi$72be10938dd3263c5a30e27e5fd3f0eb815776e9f51a06a4b04c400b3224e4c2","Alec","King","548 Wallace Port
Lake Karenland, WY 39091","71445.94"
"88","fredosborn@gmail.com","pbkdf2:sha256:260000$75HDbnilWE3lg7tO$a77bd098fadacb5ad53ce76773de2d28ace7232f5fe1b958fcc52d3f98d45717","Kimberly","Sanchez","Unit 2803 Box 6879
DPO AE 93689","60542.66"
"89","jcarter@hotmail.com","pbkdf2:sha256:260000$u6Ny8Z5kdYXjSI4k$6917cea008b724b1ddda62eaa473b112563fe499240a9d45d9f8e45e3f703bf7","Kathleen","Hart","30824 Walker Union Apt. 089
South Josephborough, MI 50155","55021.56"
"90","andersonlauren@yahoo.com","pbkdf2:sha256:260000$jojVuMh0eoedmFG5$ff705de0f69a54dbd0695bb699f02ce65febf289b82ce1a4e9aa87c0a99b3359","Mr.","Carroll","80085 Michael Forge
Kelleyshire, WY 97796","99243.39"
"91","shannon70@yahoo.com","pbkdf2:sha256:260000$b1iUvwYf6ZnBPWJo$9d904991f45101ed9a08f054347f09a7ede31256f54899e894ff53999942ce1f","Jeffrey","Armstrong","98448 Stephanie Walk
South Tammyhaven, CA 46094","84227.79"
"92","jeffreywebb@hotmail.com","pbkdf2:sha256:260000$ZTmUrXxu64jGVDeN$afbc9fa007801eceaa241ad2c6ce6769974b928d860fe662ed9f973fa69f1f8a","Kimberly","Barnes","PSC 6846, Box 4479
APO AE 97311","91718.06"
"93","paullawrence@yahoo.com","pbkdf2:sha256:260000$mvdpt2v4L1Fyxn8S$7042ed0f7181ce8c25800f154ecd70644de389aafea2fe73bae329713011a6a7","John","Gutierrez","45396 Davis Road Suite 031
Virginiaville, KS 57281","6887.32"
"94","steinpamela@gmail.com","pbkdf2:sha256:260000$dIlbCncM4Cf0aKGc$8330973c5728d97ece3c6e4c6bbb1411b75b3912fce2458baccfe5cae7e919f3","Kelsey","Knight","133 Zuniga Summit
Robertston, SC 08684","51486.50"
"95","ian93@yahoo.com","pbkdf2:sha256:260000$8snfsseav2No1RqS$9b5e2af0858ca5146f3377b12ffdc01435a390644fdb3618610e40314f07502d","Rebecca","Morales","402 Cox Pass
Tinachester, NV 24476","45713.10"
"96","nrogers@gmail.com","pbkdf2:sha256:260000$Har1ewskc4BFfdQc$809123052b921914f3c2c33dde8097c8fbda6259386139c89db043975f6323e5","Kimberly","Smith","04001 Green Island Suite 629
New Mariamouth, ME 75278","62388.13"
"97","troylopez@yahoo.com","pbkdf2:sha256:260000$1eWOAR4M9vAwj3mD$4c27367cf28c5a6e22d562c296fc04013c0adca9c26733b81466ebde342fda45","Courtney","Miller","1788 Roger Summit
South Dawn, TX 48780","13889.54"
"98","audrey02@gmail.com","pbkdf2:sha256:260000$7j7JlsHKQHH0OpcG$f1a37e1192971483ffa30ab2c0055eb67e4426188c5497d4953b487fc8e1dd5e","Angela","Neal","6946 James Orchard Suite 204
Port Joshua, WY 95985","67269.99"
"99","emily26@yahoo.com","pbkdf2:sha256:260000$EZiXxKwPN67ZDgbB$c122741171cae067b4ea4a6f9fab8df451abf358a0bdfa3d596ecc8da6f5f51f","Sandra","Brown","43269 Marc Forges Apt. 566
East Charlesburgh, WA 71495","13052.91"
"100","mcclurelouis@hotmail.com","pbkdf2:sha256:260000$8ne7y6nTwugprwrM$6a143a73e2601c013ad6cdc458da77b30643d329619e4066cf4c2c3a7eb7380e","Melissa","Edwards","457 Stacy Ways Apt. 443
Lake Kenneth, OH 13020","89966.24"
"101","coxbryan@hotmail.com","pbkdf2:sha256:260000$T5jAnsjOBbA9EMBH$f6f5cb3eff2a5d07b59eaf9018b8eed78de66bc7ee7ae512334a1c1914ed56e7","Sarah","Hickman","71987 Meghan Mission Suite 784
Mullenchester, AK 64336","53529.18"
"102","michaelharmon@hotmail.com","pbkdf2:sha256:260000$ASG8IhcKtTCDnZAi$0989d4cb4be203bd1b7766f0f0f335f34ef31872338c3c606b18a815b0a25fea","Nancy","Castro","579 Ashley Islands
North Michelleville, MT 63455","49680.73"
"103","grodriguez@hotmail.com","pbkdf2:sha256:260000$adodZKr9zThSGg59$159dd8a1a1f488b816d9fdf0bdc641f4fc92d9efa93e8ce008a93d7d41042f15","Brittany","Beck","10953 Wilson Crossroad
Jeffreyton, NC 71717","64228.12"
"104","maureenbishop@gmail.com","pbkdf2:sha256:260000$dn3RHtDwGXjoJu4k$1fe4e07b20ee3509a2a7d46262a520b3931a33a2a6c5a2f7a4fb4ae22ce0c0d0","Jason","Hall","41664 Kimberly Bridge Apt. 480
Port Jennifershire, FL 30035","26689.30"
"105","jacquelinecollins@gmail.com","pbkdf2:sha256:260000$e1tM7qdydvo8idDu$0cad0e48ca2626022a8e84d550074d682ccd1146aae2c8992a9af84261b56de9","Jessica","Atkins","2262 Holly Loaf
East Frank, OK 82338","13717.02"
"106","pwright@yahoo.com","pbkdf2:sha256:260000$amkpKcKyCPiAVTeZ$0c682a61357b96782103f3993ddfad4fdcbcda99cc26271bbdbd7d600455812c","Brandon","Thomas","2700 Dawson Fork Apt. 603
Velazquezborough, WI 71446","90241.65"
"107","megan26@hotmail.com","pbkdf2:sha256:260000$mH6ZSZeVGy67PjUI$6877b0cbab7be05b03e14cb7f8b17d147761025c54c39b694a1c72a9c2ae7937","Mrs.","Walters","210 Smith Forks
Lake Steven, MA 46942","56961.70"
"108","annette73@yahoo.com","pbkdf2:sha256:260000$aAJiH45igKjaYGLD$d8bb490495e437f5b37fbc5fb96d01b530f1ca29a172739eb13adaaa9e92f1c6","Louis","Jefferson","530 Collins Overpass
Andreachester, DE 00584","97221.16"
"109","ihardy@gmail.com","pbkdf2:sha256:260000$4Zzvl7ZksB8qvJ6L$a786d2ab478e103f5911cb693c507b9176bde0a956c44788635731cd4a347ce8","Nicholas","Nguyen","326 Mitchell Union Suite 671
West Carlos, NV 58112","94145.36"
