"451","16","3","Great CD","My lovely Pat has one of the GREAT voices of her generation. I have listened to this CD for YEARS and I still LOVE IT. When I'm in a good mood it makes me feel better. A bad mood just evaporates like sugar in the rain. This CD just oozes LIFE. Vocals are","1989-11-11 04:47:25","0"
"327","18","3","One of the best game music soundtracks - for a game I didn't really play","Despite the fact that I have only played a small portion of the game, the music I heard (plus the connection to Chrono Trigger which was great as well) led me to purchase the soundtrack, and it remains one of my favorite albums. There is an incredible mi","2006-06-08 01:44:32","0"
"640","46","2","Batteries died within a year ...","I bought this charger in Jul 2003 and it worked OK for a while. The design is nice and convenient. However, after about a year, the batteries would not hold a charge. Might as well just get alkaline disposables, or look elsewhere for a charger that comes","2010-05-19 03:22:42","0"
"793","20","5","works fine, but Maha Energy is better","Check out Maha Energy's website. Their Powerex MH-C204F charger works in 100 minutes for rapid charge, with option for slower charge (better for batteries). And they have 2200 mAh batteries.","1973-08-01 04:23:19","0"
"614","31","4","Great for the non-audiophile","Reviewed quite a bit of the combo players and was hesitant due to unfavorable reviews and size of machines. I am weaning off my VHS collection, but don't want to replace them with DVD's. This unit is well built, easy to setup and resolution and special e","2018-11-21 22:02:29","0"
"213","44","1","DVD Player crapped out after one year","I also began having the incorrect disc problems that I've read about on here. The VCR still works, but hte DVD side is useless. I understand that DVD players sometimes just quit on you, but after not even one year? To me that's a sign on bad quality. I'm","1987-12-12 00:51:11","0"
"131","44","0","Incorrect Disc","I love the style of this, but after a couple years, the DVD is giving me problems. It doesn't even work anymore and I use my broken PS2 Now. I wouldn't recommend this, I'm just going to upgrade to a recorder now. I wish it would work but I guess i'm givi","1985-12-06 18:38:16","0"
"576","49","4","DVD menu select problems","I cannot scroll through a DVD menu that is set up vertically. The triangle keys will only select horizontally. So I cannot select anything on most DVD's besides play. No special features, no language select, nothing, just play.","1980-02-02 06:49:04","0"
"381","25","1","Unique Weird Orientalia from the 1930's","Exotic tales of the Orient from the 1930's. ""Dr Shen Fu"", a Weird Tales magazine reprint, is about the elixir of life that grants immortality at a price. If you're tired of modern authors who all sound alike, this is the antidote for you. Owen's palette ","1999-02-19 17:41:30","0"
"604","45","3","Not an ""ultimate guide""","Firstly,I enjoyed the format and tone of the book (how the author addressed the reader). However, I did not feel that she imparted any insider secrets that the book promised to reveal. If you are just starting to research law school, and do not know all ","2008-08-21 06:44:53","0"
"476","2","2","Great book for travelling Europe","I currently live in Europe, and this is the book I recommend for my visitors. It covers many countries, colour pictures, and is a nice starter for before you go, and once you are there.","1988-01-27 06:02:35","0"
"210","25","5","Not!","If you want to listen to El Duke , then it is better if you have access to his shower,this is not him, it is a gimmick,very well orchestrated.","1982-01-17 17:24:25","0"
"980","15","1","A complete Bust","This game requires quicktime 5.0 to work...if you have a better version of quicktime (I have 7.5), it will ask you to install the quicktime available on the CD...if you click no, it will not let you play. So, I begrudgingly clicked yes on the third try, ","1996-09-05 07:52:40","0"
"418","24","5","TRULY MADE A DIFFERENCE!","I have been using this product for a couple years now. I started using it because my hair had gotten so dry from all the chemical treatments and relaxers. This actualy came in the relaxer kit. I tried it and could not beleive the difference it made with ","1993-01-14 02:33:39","0"
"753","5","1","didn't run off of USB bus power","Was hoping that this drive would run off of bus power, but it required the adapter to actually work. :( I sent it back.","1976-08-02 17:34:44","0"
"717","5","5","Don't buy!","First of all, the company took my money and sent me an email telling me the product was shipped. A week and a half later I received another email telling me that they are sorry, but they don't actually have any of these items, and if I received an email ","1988-02-10 15:09:44","0"
"877","10","1","Simple, Durable, Fun game for all ages","This is an AWESOME game! Almost everyone know tic-tac-toe so it is EASY to learn and quick to play. You can't play just once! The twist is that your pieces are slightly different sizes - just big enough to gobble up your opponent. The first person to mak","1988-01-19 14:34:38","0"
"916","3","0","Review of Kelly Club for Toddlers","For the price of 7.99, this PC game is WELL worth it, great graphics, colorful and lots to do! My four year old daughter is in love with the many tasks to complete in this game, including dressing and grooming wide variety of pets and decoration of numer","2006-12-31 13:53:24","0"
"793","25","4","SOY UN APASIONADO DEL BOX","Y ESTE LIBRO ESTÁ ESPLÉNDIDO !Lo disfrutas, lo puedes usar como obra de consultaNos trae LAS HISTORIA DE LOS BOXEADORES MÁS BRILLANTES, DE LOS CAMPEONES DURANTE CIEN AÑOS !!Si te gusta el box...¡NO TE LO PIERDAS !","2021-07-12 23:44:50","0"
"614","13","3","Some of the best fiddle playing I have heard in a long time","This is an excellent album with some great fiddle playing. Ryan is amazing to watch when he plays in person. You can feel the emotion he puts into each song.","2009-10-05 08:07:01","0"
"858","13","1","Long and boring","I've read this book with much expectation, it was very boring all through out the book","2014-02-15 05:42:25","0"
"880","24","4","Dont like it","This product smells when you open the package and it appears one of the gel cushions leaks so I spent $10 and havent worn then. I wouldnt buy this product again. Dont waste your money on something you may not be able to use.","2022-08-16 09:52:42","0"
"723","48","0","one of the last in the series to collect !","The magazine was in very good condition and had the usual high standard of articles and photos that Victoria magazine has come to represent. I have collected all the previous magazines of the series and still enjoy leafing through them on a rainy day","2010-08-13 05:30:39","0"
"842","1","2","Sony Hi8 Camcorder with 2.5 LCD","I believe I will be very happy with the camcorder. Its small,light and easy to handle.The LCD is clear and bright.Ease of operation.","1974-07-26 16:37:36","0"
"385","3","4","Don't Take the Chance - Get the SE Branded Cable","If you purchase this data cable, you need to know that you will receive no real directions or information regarding what to check if nothing works. As directed, I downloaded all of the files from the SE site (70MB on dial up!), and then downloaded all of","1999-10-09 08:15:44","0"
"612","24","1","Waste of money!","Like many of the Barbie CD Roms, the playtime is limited - averaging about 5 mins for each of my two daughters (ages 5 & 7). Like the Barbie movies and other CD Roms the graphics are poorly done.","2021-02-05 09:51:55","0"
"987","49","3","works great","i bought this item to connect to a strobe light. unit functions well. not sure that it has all the range claimed, but i never really believe everything a manufacturer claims about a product like this. just too many variables. I can say it works from my n","1988-11-03 23:48:38","0"
"467","17","2","Has No Range","I suppose if you were going to sit in the same room and have line-of-sight with the device, lamp, etc. plugged into this control, it might work. Maybe. But I had it completely within the stated range and one basic house wall separating me and the unit, a","1990-11-28 02:38:23","0"
"735","12","4","wish i had gotten this sooner!","ive got a lamp in the corner of my room behind my desk thats a complete pain in the arse to turn on and off. ive been using this with the lamp for a month now and it works perfectly. added a little velcro and now i have a light switch where ever i want. ","1993-07-15 19:08:45","0"
"126","43","3","Three Days of Use and It Broke","Very disappointed in this product. It worked perfectly for exactly three days and could not be resuscitated. It was very inexpensive so I did not want to pay half again the price to ship it back for an exchange, so the company would do nothing when they ","1986-11-05 01:51:58","0"
"303","4","5","This is the all time best book!","This is the all time best book. She mentoins in the book how anyone can be a vampire, who knows. Well anyway I like the idea of having one soulmate and one crazed werewolf crush. P.S I think that it is a good twist on the story about how anone can be par","1970-01-15 03:32:44","0"
"439","44","5","Mary Ash","Can't believe I have never reviewed this book before. First read this back when I was 13. Like a lot of girls wanting the mysterious boyfriend and believed in soul-mates which drug me into these books. Rereading it over time years later still stands the ","1979-12-31 09:26:21","0"
"772","35","2","Tha BOMB of a book!!","L.J. Smith is the best author in the whole world. I read this book a year ago but I can't stop reading it. It is beyond sweet. I love Ash.The entire Night World seris is the bomb. I read mostly everyone of L.J Smiths book and they all are awesome. I thin","1990-12-02 18:46:23","0"
"280","16","3","This book was a great book that i have read many times!","This book was so great! I loved and read it so many times that i will soon have to buy a new copy because my last one fell apart. I just hope that there is a follow up on this story because I want to know if Mary-Lynette and Ash get together.","2021-05-17 06:13:54","0"
"520","7","2","They'd watch it nonstop if I'd let them","apart from it arriving broken the first time, my kids are loving this DVD, which I alternate with the other I purchased to keep my own sanity. This DVD has created a Thomas fan out of my 3 1/2 yr. old daughter as well.","1991-11-23 12:23:36","0"
"634","41","2","Not as expected...","My children get easily bored with this video. I thought it was several episodes of Thomas but it has A LOT of just children and parents talking about Thomas and all. It doesn't keep the kids attention because what kid wants to sit and listen to a bunch o","2013-11-16 01:40:03","0"
"69","3","5","Wonderful","I went online for information about Dockers Khaki pants. The size my husband wears are very hard to find in stores. I was very impressed with the selection I had and he was thrilled to have all these pants without having them taken up in the length. The ","1973-09-16 05:12:17","0"
"911","46","0","Doublecharged for shipping because merchant was backordered","Merchant was out of stock on the second pair of pants, so when it was shipped I was charged $9 again when the second pair was in stock weeks later.Will not buy from Amazon vendors again.","1990-08-18 15:08:12","0"
"421","39","0","Book of Chance","I had just finished reading 'The Food of Love' by Anthony Capella since I had nothing to do, but read. Mind you, reading is one of my favorite pastimes.I had recently bought a series of books. The Food of Love was just one of the books I just picked up s","2001-05-02 07:33:46","0"
"722","22","1","Light reading, light in substance","A clichéd storyline based on the classic Cyrano de Bergerac, this book reads like a rookie novel written by someone who has a knowledge and passion for Italian culture and cuisine, but little experience in developing a story. I can understand Bruno and h","2014-05-20 09:26:44","0"
"511","35","1","WeiB FOREVER!","This is a great CD!! I love WeiB Kreuz!! The anime is awsome! Its bout 4 guys (hhhooottt) who work at a flower shop, but at night they are the White Hunters (or Byce as in the anime) they are assasins that ""hunt the tomorrow"" of Bad guys, the bad guys th","1993-06-03 00:42:33","0"
"898","9","4","Great Book--unacceptable condition","I was looking forward to receiving this book, as I was going to New Orleans to Antoine's restaurant. I read the book at least thirty years ago and wanted my own copy. This book came without a dust jacket and was so musty that I could not read it without ","1994-08-21 20:47:09","0"
"392","32","2","Real HTML for people who build sites for a living","This book is simply great! If you build sites for a living you probably struggle with books that trivialize HTML and present its syntax willy-nilly. This book is the ONLY book I've ever seen that actually seems to be written by someone who builds sites p","2000-11-01 00:30:14","0"
"825","26","4","Marriage has its good and bad moments","This is a tear-jerker mixed with humor. A lot of rough patches for this couple but don't let that scare you off because there are also a lot of good times, too. I watch this movie often as I am a hopeless romantic and I thoroughly enjoy the music and dan","2011-03-16 23:50:51","0"
"242","5","2","Amazing...","love it...very touch.it's to bad that in the dvd description doesn't mention no subtitles","2018-03-15 21:43:26","0"
"65","24","0","Leslie in a nutshell","Danelectro DJ-20C Rocky Road Spin Speaker Mini Effects Pedal, is an amazing little pedal!I use it with guitar, and keyboards.Using with Keyboards, organ mode(doesn't matter which type) jazz, rock, gives me an instant controllable Leslie effects.it includ","2020-07-29 17:27:25","0"
"283","49","3","More Romance Please and Less Mystery!!","the reason i gave two stars when I usually give 5 stars for ms. feehan's books is b/c this book was tooooooo mystery/gothic genre rather than romance. I really didn't feel like the two main characters were in love, in fact the entire book was almost enti","1988-09-30 07:24:43","0"
"536","8","3","A Lost Author","I have read all of the Carpathian novels to date, except one. I very much enjoyed them at first, but nothing EVER gets resolved. You would think that after 16 books something would have been resolved and a new obstacle introduced. As for this book, it is","1991-05-18 17:18:00","0"
"854","30","5","Okay but Messy....","We purchased this bag for a vacation we were taking a cruise and we wanted to use it when we left the ship. The bag was convenient to carry, however the faux leather began peeling. At first it wasn't so bad but then it became annoying because it then beg","1989-10-31 19:43:55","0"
"568","36","2","Patricia Cornwell has turned me into a reader","I was never really a big reader before and somebody put me on to Patricia Cornwell. Well, now I can't put her books down. Her books just get better and better as you go through the Kay Scarpetta series.I really enjoy the series concept and the fact that ","1971-01-12 19:43:06","0"
"776","31","5","Best of the First Four in this series.","This is an awesome book. Kay just keeps getting better and better. It's also fun to see the characters develop more with each book - Kay herself as she seems to be always ""one against the world"", Marino who it appears is heading towards some sort of hear","1976-03-08 09:30:54","0"
"175","13","1","Great Beginning...poor ending","Parricia Corwell, Cruel & Unusual was breathtaking in the beginning! Her relation to her family, her dedication to her work exeptional. However, this story began to get boring towards the end...the ending, not too great.","1997-08-03 09:08:53","0"
"244","15","5","12 Y/O Potty Humor From 40 somethings does not a comedy make....","Saw this movie and felt compelled to warn people not to waste 144 agonizing minutes of their lives. In a nutshell, I have heard many more clever jokes and ""one-liners"" watching King of Queens on cable.....SERIOUSLY FOLKS, it's THAT BAD....the bad jokes a","1979-02-15 14:36:05","0"
"141","22","2","I wish Adam Sandler wasn't in this.","I should have known going into this movie having Judd Apatow a part of it would mean I would hate it. However, having Adam Sandler in it and seeing the previews in the theater we gave it a (very hopeful) chance. The movie loses it's true premise of havin","2021-11-23 06:03:20","0"
"423","9","5","Wonderful, baffling mix","This has just about everything. The rabbi, of course, is learned and devout, even if his schooling causes some nervousness. The cat becomes fantastical when some mystery grants him human speech. The visit abroad captures all the distrust of the alien tha","1984-03-29 04:41:52","0"
"726","0","5","No another grill like this...","This grill is one of its kind...It can be use anywhere without so much hard work..it fits snugly anywhere....","2015-04-24 20:48:01","0"
"336","17","4","Disappointment at it's extreme","I had never read this author, but knew of many who did. When I read that this book was being made into a movie, it seemed a good opportunity to read her, before seeing the screen mess up her work. Now, I pray that the screen does so.I was extremely disap","1978-11-19 14:41:32","0"
"926","5","4","From Potter's Field by Patricia Cornwell.","This was a very good book with excellent descriptions. It's a real page turner and keeps you wondering what's going to happen next. The best parts are at the very beggining and the end.","1987-08-17 10:55:33","0"
"321","14","2","An Engrossing and Chilling Read","My first foray into the novels of Patricia Cornwell has left me impressed. The characters were intense and realistic. My only concern is that the ""evil"" Temple Gault at the end of the novel is as vague as he was in the beginning. Why did he decide to tra","1989-10-14 16:05:16","0"
"838","3","1","great book. i loved it! they mentioned a movie, where is it?","the publisher said soon to be a movie. does anyone know if a movie was ever created?","1985-05-12 22:16:20","0"
"428","3","2","Simply Awesome!","This was only my first Cornwell novel and I'm hooked! In the past few months I have managed to collect all of her books and I can't wait to dive into them! This summer will be a suspensful one for Scarpetta and I.","1989-10-14 08:16:09","0"
"396","19","2","Predictable & has a lame ending","I have read all of the Scarpetta novels & this is not the worst (that would be Cause of Death) but rt. up there. I thought the story began well enough, but the ending was lame. The plot was predictable. Lucy is nauseating as ever & wish she'd die. Scarpe","1984-03-08 07:43:11","0"
"247","16","1","Black Knight C2C Heat Squash Racquet","Great racquet! But I'm a power hitter I have no power Generating Difficulty With This racquet. My style is to try to volleyball and everything I've found this racquet to well balanced and maneuvered. I like the factory grip although with distinct ridges ","2021-06-06 03:45:08","0"
"908","21","4","A historical gem whose title obscures its intent","Started laughing in the second chapter....enjoyed the book after I realized that I wasn't going to learn anything new. It's obviously a miracle that we survived for the 65 years since it was first published.And seeing that the pending insolvency of the U","1977-01-30 21:57:31","0"
"251","38","4","Vastly overrated work of fiction","I was sorely disappointed in this vapid and smarmy demogoguery. Sure, back then there was no Google searching nor number crunching laptops. But plenty of economic data was available which the author managed to circumvent. Probably the book's greatest fai","1992-02-02 16:36:57","0"
"566","33","2","sergeant frosts lonely hearts club band","edith has created a venue for herself to exorcise melancholic memories with painful melodies. there are no disguises on this collection. lonesome guitars and medicinal piano radiate the mood of broken spirits. she writes all her own songs. these ballads ","2011-04-21 01:30:20","0"
"134","28","5","Great Camera","I recently purchased this camera and I'm very satisfied with it. I find the quality of the pictures with this camera as good if not better than anything else without going to digital. It is very comfortable to hold and the controls are easy to use. I hig","1976-02-06 01:51:22","0"
"552","12","4","Had to return it","The sizing is perfect and a medium fits just right. I am 5'2 size 4 137 lbs before baby and i gained about 35 lbs during pregnancy, just an idea for sizing but keepin mind that everyone has different fat distributions on their bodies. I don't like how my","1979-07-24 03:07:06","0"
"596","40","5","Broke the 2nd time I wore it, great until then","I think this product provided a great fit. I was able to hook on the first row by myself within about 5 mins max. It wasn't quite as difficult to get on as I thought it might be, although it isn't particularly easy either. I tried it on and wore for abou","1975-04-12 09:28:40","0"
"349","18","0","The amazing squeem","I love love love the squeem!!! The before and after pictures are definitely real!!! You can immediately tell the difference when you put it on it definitely improves your posture, you eat much less since it squeezes the he'll outta you but its not an unc","1992-11-30 02:55:23","0"
"987","26","0","Great Product","A friend recommended this product to flatten the tummy for great look in a dress. I brought a medium according to the measurement guide lines but I needed a small. It was extremely difficult to put on so I needed assistance. Once it was on I was still ab","1995-06-09 05:34:25","0"
"655","29","0","I recommend ordering a size or 2 larger than your regular size.","I ordered the Squeem waist shaper in a size small...my general size is 4-6, I'm 5'4 and weigh 120lbs right now; over the winter I ate too much cheese and gained about 7 lbs which isn't much to complain about but I have a roll of belly fat that shows thro","2003-05-22 23:12:15","0"
"191","29","2","WASTE OF MONEY: The inner metal rods keep poking through","The squeem is a great idea but the construction is not the best. While the product compresses your stomach, the inner metal spines bend and then protrude at the ends. I have had to sew the ends repeatedly but the spines keep poking through. At one point,","1977-12-06 05:04:22","0"
"536","43","5","CAUSES BRUISING AND BLISTERS IF WORN TOO LONG","I ordered this product to slim down my stomach. I was looking for something I could wear all day with my jeans as well as underneath my dresses. I wore the squeem to work occasionally and then I would take it off when I got home. When I would take it off","2002-02-03 06:40:52","0"
"559","21","2","Not happy","I was really unhappy with this. I followed what others said and ordered based on my prepregnancy size. It was WAY too small at 7 weeks post-pardum. I'm ten weeks post-pardum and may try it again but it was a real self-esteem crusher initially. I'm a size","1975-02-20 12:23:37","0"
"586","33","4","nice product","My wife loves it but we unfortunately perchaced the wrong size. She made a coment about the sizing chart being in dress sizes and she picked the size she is and we received it and the apparel was way too small. We have been meaning to exchange it but its","1981-05-20 00:39:37","0"
"685","13","5","Does the job","I have been looking for something to hold in my stomach that wasn't elastic based. Found this item and have to say I am pretty pleased. The hooks do take a while, but once they are all done, the waist cincher does what it says it will do. The only negati","1994-02-01 08:09:00","0"
"455","49","5","conspiracy theorist","The author is very likely a Kurdish nationalist, not implausibly a quite supporter of the PKK. As a Communist, he has no room for religion. His analysis is misleading, basically he runs after Muslims under the banner of Islamism, he seeks to undermine th","2012-07-27 04:56:01","0"
"612","46","3","Another disappointment from Higgins","This novella (stretched to 271 pages by wide margins and double-spaced lines) reads like a screenplay treatment. There is very little character development, movie-like dialogue, and plenty of mindless action. The ending is wholly unsatisfying and I'm led","2001-11-09 08:05:28","0"
"233","18","5","1, and thats being generous....","I have read many of Jack Higgins' books and this is the poorest so far, in my humble belief. As I travelled thro' the pages it just got harder and harder to believe the simplicity with which Mr Dillon strolls thro' the events at hand. The story also lack","1972-06-19 12:06:26","0"
"361","19","3","Good matt nude lipstick","It's got a nice warm scent of vanilla-like smell. Texture is creamy. Meadow Sweet is a nice nude color. Can't apply too much or else it'll look a bit dry.","1985-07-04 14:32:54","0"
"282","2","2","I would sell it -- book complete with dust cover. Excellent","West is only fairly judged by the breadth of his work. He has a special view of human nature and all its weaknesses.","1982-01-10 06:11:16","0"
"123","2","2","A welcomed change from the frozen plains of Europe","A refreshing, sunwarmed, beautifull change from the frozen steeps and plains of Ice Age Europe. A delightful story of a woman who must face and overcome immense odds to survive. The plot line moves in different ways from other ""Woman against the odds"" no","1985-11-09 20:53:24","0"
"963","0","0","where does the Novel begin?","I found it preachy and long and got.very bored to claw my way through the very wordy prologue.Then tried to find the.actual novelFinally gave up!!!","1995-11-18 06:42:25","0"
"851","5","2","Avoid it.","The abridged version of this book would read as so:""Sin is inevitable. So make the best of bad situations. And oh by the way... women are strong.""There ya go. Nuff said. I don't need to read obnoxiously long sentences lamenting on one sentiment for the e","1970-03-06 15:18:39","0"
"725","24","0","ok...","this book was recommend 2 me from my neighbor. but i dont think that dis is dat gud of a book 2 recommend... i didnt like it 2 much but...","2005-01-25 01:08:06","0"
"531","16","1","The Scarlet Letter","I really enjoyed this book. It shows the judgmental tendencies in our human race and how one woman strove to live a life of service to others to gain redemption for her mistake. Can't go wrong with the classics.","2021-07-11 19:02:28","0"
"692","45","1","This edition is not complete","This review refers to ISBN 978-1613823613. With no explanation or indication that it is doing so, this edition leaves out the author's introductory chapter, ""The Custom-House."" Admittedly, the chapter is long, tedious, and skipped by many. Still, it leav","2014-01-22 18:20:42","0"
"162","5","1","Creepy","The creepiest book I've ever read! It's a creepy mystery/romance all in one creepy book! I would read it again lol","2013-04-28 13:17:46","0"
"609","45","0","A book for those with time on their hands","If this book is so great, then why are there so many people who give it only one or two stars? Should a great book not be able to be enjoyed on some level by everyone? To the best of my knowledge, only erudites and scholars enjoy this book. A good book, ","2001-11-13 00:41:41","0"
"177","32","5","Painful","This book has to be one of the most tedious works of literature ever written. Hawthorne is a great writer, but I don't know how this book made it into that sacred list we call ""classics"". Perhaps on the merit of his name alone?","1995-05-13 11:14:15","0"
"894","14","0","Great novel","The Scarlet Letter by Nathaniel Hawthorne is a great novel. It takes place in Boston, Massachusetts during the era when Puritans were there. The main character Hester Prynne is forced to wear a Scarlet Letter A for adultery because she cheats on her husb","2000-10-23 12:30:48","0"
"898","43","5","Horrible reader","i couldn't listen to this book because the women reading it has such a screechy horrible voice so i can give no review of the actual book but whatever you do try to find a version with a different reader if you're into audio books","1992-02-05 06:32:19","0"
"889","6","2","Mistake?","I ordered the Penguin edition for this book five weeks before my grad class started. It was very important to have the correct edition for proper pagination. I PAID for the Penguin edition. I GOT the $2 Dover Thrift edition three weeks later. When I call","1997-02-25 08:58:19","0"
"244","45","0","The ""Scarlet"" Letter","Much to my amazement, this book has been placed on banned lists in several states. It's an excellent study of the devastation caused by guilt. Although the story does allude frequently to adultery, there are no graphic details that would make it unsuitab","1978-01-23 07:23:37","0"
"478","4","0","The Scarlet Letter a must read for any American","The best book that I have ever been assigned to read for school by far. The way in which Hawthorne captures the shame that Hetser , the wearer of the scarlet letter, feels everyday and the utter torment that the weak Dimmesdale is in by not coming forth ","1992-03-23 01:18:25","0"
"510","2","5","The Scarlet Letter: A soap opera","Although this book, is considered a great work of literature, written to describe the harshness of Purtian New England. Plus, this book was heavily laiden with symbolism, and many other literary tools.The scarlet letter is a soap opera, and a bad one at ","1977-12-30 11:03:01","0"
"429","26","2","This book is Great!","One might notice that many of the negative reviews of this book contain horrible grammer and multiple spelling errors. Although I respect those who disliked The Scarlet Letter, I disagree. It's no wonder that people that don't know how to capitalize the ","2004-11-22 06:10:43","0"
"154","22","0","I had to read it...","I had to read this book for school. I did not like it. I'm not sure what the point is of this story; several people hae told me what they think it is but I dont agree and they dont agree with each other.","2021-04-15 18:02:49","0"
"471","43","4","Possibly the funniest movie ever made.","It starts off a bit slow, but once the product placement jokes start it takes off.","1984-09-19 12:28:21","0"
"335","24","5","same problems as munchkin version","Ditto to other complaints - won't separate easily- either by unscrewing or prizing. Cheap, flimsy, leaks water also because no gasket. I'm looking for something else and hoping reviewers will give honest good advice . . . this almost identical to product","2011-11-27 00:30:45","0"
"818","46","3","Sassy Baby Warming Dish. Interesting concept.","We tried the Baby warming dish. We found that for our 1 year old it was pretty small, and didn't really hold enough water to keep her warm.I think it would work ok for an infant, although I think a blanket would work just as well.Recommendation:Buy******","1970-06-20 02:36:28","0"
"290","29","1","Unreadable!","As good as this book may be, the print quality is so bad that I cannot read it. Zero stars would have been more appropriate.","2012-05-06 16:47:27","0"
"415","1","2","Used for circuits project","I used the generator for a circuits project and it works pretty well with little resistance, however the wire connections seemed cheap and very loose. I would recommend buying a battery powered one with rechargeable batteries if you're worried about the ","2001-03-08 13:45:25","0"
"110","30","1","Two Tedious Hours","The early success of Adam Sandler's films gave him this mistaken impression that he was an actor and a writer. This film proves he is neither - and a grating voice-over guy to boot. I enjoyed Happy Gilmore and to a much lesser degree, Little Nicky and Bi","1979-11-22 11:42:47","0"
"194","21","5","one of the worst movies of 2002","god!!! what a dumb movie. the fact that Adam Sandler can do this is just wrong....never lives up to what if true and it down right smells like cheese....sick and demented jokes dont help its premise...though Whitey gets a few lifes...nicely animated but ","1974-03-04 17:43:47","0"
"544","26","4","Fantastic","A movie that makes you feel a lot better about the holidays. Although not a childish movie, Eight Crazy Nights is a fantastic Sandler movie.","1973-05-12 01:06:46","0"
"521","37","3","very disappointing","The movie is vulgar and not meant for children. It is a typical Adam Sandler movie, with foul language and raunchy humor. Not enjoyable at all.","2018-08-29 21:21:17","0"
"217","6","2","Sandler Strikes Out","8 Crazy Nights might have been a sweet film with a good message for kids, but the scatological humor, offensive language and explicit sexual references made it unsuitable for my 10-year old. The plot, on the other hand, while fine for 10-year olds was to","1999-01-15 17:06:59","0"
"715","6","5","Not the worst, but far from good","This film has the dubious honor to be included in the book ""The 50 worst films of all time"". It is definently not one of those, but one can hardly call it a proper film, either. It is rather a loose framework in which 12 new songs could be presented in a","2008-02-01 03:00:37","0"
"365","48","2","Been waiting for a foreign lauguage AOL CD?","I have, too, but this isn't it. The translation is very choppy, the singers are medicore at best, and the orchestrations are too overwhelming. ""Love Changes Everything"" is shredded to the point where it hurts to listen to it.Oddly, the best song is the F","1988-01-17 04:19:44","0"
"612","40","2","It Rises above the ""Fluff"" Books","The first thing that struck me was that it was easy to read. The print was readable and the illustrations were helpful. I did also find some grammatical errors as an earlier review said. But mostly it was very specific and practical. The chapters most he","1976-11-03 18:43:56","0"
"422","49","0","Itten The Elements of Color","I was so very pleased to review the art book which arrived in pristine condition. I would have rated it in Excellent condition, rather than very good. I would like to thank the person who made it possible, but have misplaced her name and address.","1975-09-30 09:28:39","0"
"105","38","2","great IMO","First of all, I saw the review by ""Tyley Mike ""Relite"""" and thought he was grossly overcritical of EVERYTHING and every instrument played... so I'd like to hear Tyley Mike's album, since he thinks he can do better :) --seriously! I think some people don'","1992-09-15 20:25:55","0"
"376","20","0","I wish...","...i had never heard Fair to Midland before hearing this music but cant help making comparisons. It is still wonderful music and Ill explore it further...","1970-05-27 22:32:54","0"
"302","32","5","Good follow-up to El Cielo.","A bit of a change this time for Dredg, less progressive material, more straight ahead rock tunes. I was a little disappointed in it. It doesn't have alot of stuff going on like with El Cielo which is pretty big compared to Catch Without Arms. But still t","2004-08-23 15:32:31","0"
"83","25","2","WOW!","This book really bothers me. If you are a parent trying to deal with the daily struggles of having a child with a disability, do not read this book. It does not offer any advice for parents, just helps fuel negativitiy. Please do not put yourself through","1981-05-26 09:57:33","0"
"264","24","1","80s Hard Rock","One of the 80s rock bands that capture my ears!!! It's pity that they are almost retiring soon...","1973-03-23 13:25:24","0"
"277","48","2","Low class effort by High Class Band","This material represents why the 80's died, the music is bland and poppy, the Wilson sister's garnered their wigs and corsets and the the music became something of an inside joke to those mentioning real bands. Looking back at the cd the music is very da","1989-04-21 02:04:17","0"
"541","49","0","Good Quality Cell Phone Holder","Contrary to other review, I found my cell phone holder to be of very good quality and have used it for a long time now with no problems whatsoever.","2004-04-01 16:51:47","0"
"556","8","0","Loved it!","I LOVE Christmas movies and these are some of my favorites! I always bring them out when I am decorating and start enjoying the holidays!","2014-01-07 04:02:46","0"
"974","27","5","Charlie Brown Christmas was a Great Christmas Gift!","I gave this movie to a co-worker who loves all the Charlie Brown classics that are shown on TV. She was thrilled when she opened it!","2012-03-06 05:25:52","0"
"107","29","4","There is no way anyone with a soul could ever give this a negative review....","This is one of the sweetest, sad, funny, and actually profound Christmas specials ever. Well, maybe not Dostoyevsky deepness, but there is quite a lot of depth here, unlike a lot of modern Christmas specials, which are just plugs for toys. The suits at C","2012-02-08 20:04:09","0"
"927","30","2","I ought to slug those R movie loving critics! ""They don't know entertainment"" as Krusty would say","I do love ""Charlie Brown's Christmas"", a joy for the entire family, young and old. A Christmas play is being directed by Charlie Brown, and everyone is complaining. Charlie is sad because he doesn't know the true spirit of Christmas, and his friend tells","2008-07-29 11:19:56","0"
"883","32","1","Charlie Brown Christmas","One of my favorite Christmas shows of all time! Great service from the provider.","2007-07-08 21:14:43","0"
"923","35","5","Proof that good things are built to last","When Mr. Schulz and Bill Melendez decided to launch this half-hour special for TV there were many things against the odds: The music, subject treatment and Linus's Bible reading were unlike anything else tried on TV before. Work was done in just 4 months","1995-07-17 10:54:18","0"
"580","49","2","great Christmas gift","This is a classic Christmas tale and was a wonderful gift. I bought it for my friend and she said she will watch it every year.","2016-01-05 17:18:03","0"
"141","1","2","Yahoo for Charlie Brown","Being able to watch something like A Charlie Brown Christmas whenever I want is so soothing to the soul. Especially since I get really busy around the holidays and can't always catch it on TV.","1987-09-10 15:58:17","0"
"975","10","0","The Best Present Of All","My children are a little old (age-wise) for this, but we all still enjoy watching it around this time of year. This classic will never die out, as it will be enjoyed for many generations to come.Having always been a huge fan of Charlie Brown to begin wit","2003-06-23 13:15:00","0"
"762","5","5","Classic","Watched this with my two year old daughter for the first time this Christmas. It was nice to watch a classic movie that I grew up watching as a kid myself, with her as well as with my hubby. The Peanuts gang is classic and simple. Love them!","1982-02-02 05:31:37","0"
"310","15","4","Not a real Rammstein album.","Bootleg collection of b-sides, remixes, and singles. Really, why even bother?","1977-12-21 21:54:42","0"
"808","22","0","After a few months- broken","This charger worked fine for a few months, but now charges so slowly that using the computer while it's charging drains the battery. Very frustrating. Very poor quality.","1976-04-28 14:44:49","0"
"811","4","1","Works great, and half the price","This AC adapter works great for me with my Apple 15"" Aluminum G4 Powerbook. Apple still wants to charge an insane price for this last-generation power supply, but luckily Macally has a solution that is almost as nice for about half the price.It does not ","2012-09-24 15:50:39","0"
"878","44","5","This is a good product!","When my Mac Powerbook G4's cord started going on the fritz a year and a half after I had gotten my laptop, I wasn't sure what to do. Since the Macbook has replaced the Powerbook, Apple no longer sells the adapter. And to get the adapter online was really","1996-07-25 22:15:40","0"
"119","0","5","Quite Satisfactory","This product works well, with no problems so far. I have now had it for about a month, and it keeps my iBook G4 running with no issues. It doesn't have the light that indicates whether power is being received, but that's a minor thing. Also doesn't have ","1975-12-11 23:57:36","0"
"605","17","0","Great product at a great price","A replacement adapter for my 4-year-old G4 Powerbook was going to cost $80 from Apple. The Macally adapter is less than half the price, and it's built like a tank -- the wires are thicker, and the plastic is more durable. The only thing you might miss is","1977-06-24 02:32:58","0"
"557","37","0","Excellent Item!","I miss the lighted ring telling you that the charger is charging, but for 1/2 of the price of Apple's replacement, I can do without it!The LED iS BRIGHT, and cool bluish color. The cable that breaks on Apple's charger is noticeably thicker on this charge","1987-07-22 17:47:25","0"
"840","18","1","Off and on","Its hard to find these types of chargers since Mac switched to the magnetic type. Its hit and miss with the working. My battery indicator switches from charging to not in a blinking fashion.","1985-08-02 11:30:12","0"
"364","45","4","Cheap, Doesn't charge, dangerous, power cord","This is one of the most poorly designed and implemented chargers around. I own a 15"" Powerbook G4 (which this is listed as being compatible with).The problem is that this isn't actually a 65watt power cord... so don't expect to use your computer while it","1994-09-28 11:54:13","0"
"151","3","3","So much better than the apple version!","I love it, it's LONG and the connection is secure and it doesn't get hot! It's wonderful!","1985-06-30 15:40:05","0"
"680","25","1","Good product at reasonable price","Though the output of this power supply is lower than the Apple supply, it seems to work fine--and it is very reasonably priced. Too bad that Amazon stopped carrying the supply.","2002-01-20 05:26:07","0"
"754","2","5","If you're tempted to throw away $30....","I bought this charger near the end of May of this year and it stopped working about 2 weeks ago. It is not the same charger as in the picture with the gray cord. It looks just like most of the other generic chargers available on Amazon. It charges quite ","1971-02-25 07:03:25","0"
"940","42","5","Plug DOESN'T work with the iBook G4","This product is advertised to work with the iBook G4, but it does NOT.This plug looks fine, but despite what the product description stats, it isn't compatible with the 3- to 5-year-old version of the 12-inch iBook G4, which I own and now must buy yet an","2017-05-17 10:43:15","0"
"638","14","0","Stopped Working Day 3","Out of the difficult to open package, this adapter worked for a couple of days.I missed the light on the end of the standard Apple adapter (yellow for charging, green for charged).But the price was right, until, it started cycling on and off. The Mac scr","1993-12-15 19:39:46","0"
"323","14","1","Another Binchy Great","This book takes a typical family, examines its seperate members, and then provides a look at the whole with the knowledge of the secrets each member has.I enjoy Binchy's style of writing interconnected stories that weave together. She pulled it off first","1991-10-31 10:56:33","0"
"848","16","4","TU VIDA JAMAS VOLVERA A SER LA MISMA","Despues de leer este maravilloso libro mi manera de ver la vida es muy diferente, todo tiene sentido y gracias a estos conocimientos he podido ayudar a otras seres a vivir su vida con un proposito que es ser mejores cada dia para pasar de nivel en nuestr","2002-04-12 21:37:11","0"
"532","30","4","Deep view of what counts for run and growing an organization","I will say that the concept this book adds of ""playing with future"" is the utmost importance for many of us who were tough by experience to survive and keep it running. The most important thing about work is to get it done...if not...it equals all us..we","2020-12-12 00:48:04","0"
"459","12","4","book only, no jacks","I bought this book from Amazon in used condition but 'like new'. Little did I realize or even think about that it didn't come with the jacks and ball. Now I have to try to find the right size jacks (not jumbo ones) and a ball. I guess you get what you pa","1970-09-18 01:58:59","0"
"722","28","4","Thomas connector tracks","The Thomas wooden track connector pieces is just what was needed when setting up different designs. Sometimes when setting up a new design my 4 year old grandson whould end up with no way to connect the finish. These pieces have helped with that problem.","1977-05-16 12:56:47","0"
"567","39","5","Plain and Simple: A Journey to the Amish","This is a very disapointing book. The author makes the complexe Amish community that forgave the muders of their young daughters at Nickle Mine school into one diminsional Disney characters. There is no tension, conflict or any of the human conditions th","2002-08-21 08:16:00","0"
"981","10","0","Disturbing.","If you are looking for a book on Amish theology, history, lifestyle or agricultural technique; look elsewhere. A five minute Yahoo search will yield you a veritable library of resources compared to this book. Surprisingly, there is ample information onli","2009-01-31 01:20:09","0"
"776","25","1","Not Very good","I dont advise buying this grider, it broken when i pressed it. the plastic is very fragile and dont support the pressure requered for grinding the pepper.","1983-07-03 00:38:47","0"
"102","31","4","Cannot adjust for coarseness","The description says you can adjust for coarseness of the salt/pepper, but there is no such knob on the mini grinders. We replaced the store bought salt with sea salt and now the grinder doesn't work. Disappointing.","2006-03-01 10:49:00","0"
"800","6","3","Solid Effort...But Missing a Spark","Statheads and fantasy players know that the value of this book is to be found in its statistics and projections for future performances. Anyone playing in a long-term keeper league will benefit by keeping this near them on draft day as they look for pros","1972-07-21 04:41:43","0"
"673","46","4","My Girl Likes It","My two and half years old girl likes it so much, and every I want to allure her to bed to sleep, I will say read I Spy in bed.","2001-02-22 10:02:38","0"
"937","42","3","Still a great book","The Winds of light books are great! This one is no exception, but I like the first 6 the best. The only reason I gave this book a 4 star rating is because the other 6 were better. I would of gave it a 5 if I had not read the others.","1989-09-09 08:17:15","0"
"162","40","1","I could have spent my money better","This book did not move me at all. The plot is unrealistic and the characters are shallow; they do not seem like real people at all.","1979-12-04 02:49:53","0"
"335","43","4","Terrific Reference for Identifying Butterflies","Is that a monarch, a viceroy or a queen butterfly? To identify butterflies look through the Field Guide to Butterflies of Texas. The next time, you can tell that it was a tiger swallowtail and not a zebra swallowtail or a spicebush swallowtail.Children a","1986-01-30 03:33:33","0"
"435","19","4","Climalite works as intended","More visually interesting than plain white, and the material is definitely better for dampness than plain cotton. But please don't wear them with sandals, they aren't that visually interesting!The bottom black part is thicker, but not thick enough to pil","2017-02-17 12:58:58","0"
"220","1","3","A Man of Reason","At the height of The Age of Reason, The United States of America was created by men such as Thomas Paine and many others who held Man above all other philosophies long enough to get the idea ""Individual Rights"" down on paper in the form of The Constituti","2018-10-15 15:05:12","0"
"165","20","4","I was there","I liked the way Butler filled in the history of the Queen Mary andQueen Elizabeth.He also told a very good clear picture of lifewe lived aboard ship. On page 92 second phargaph tells of a March1945 crossing . I was on that passage and well remember heari","1971-09-14 09:47:40","0"
"605","14","4","Course Book","Well it is only for my course called fundamnetals of socal research but its very expensive indeed. Just wanted the first to make a comment thats all.","1997-08-02 06:28:06","0"
"320","36","2","Leadership Made Spiritual","Maxwell succeeds in creating a new way to experience leadership principles and the bible. I have used this as a guide for my youth group's leadership program (highshcool juniors and seniors) and it has been perfect. This is an excellent gift idea for any","2000-07-26 12:06:06","0"
"874","8","1","Absolutely incredible","I was so happy with Dolly's ""Hungry Again,"" and her return to real country. I like new country -- but now it is just like pop music. Quite a few one-hit wonders. But Dolly Parton, like Tori Amos and Ani DiFranco (two that came to mind), makes an entire a","1986-09-14 03:23:53","0"
"989","14","5","Has-Been? THINK AGAIN!","As a child, I grew up in Knoxville, TN watching Dolly Partin on the Cas Walker Farm & Home Show. I remember her singing Bluegrass back then and didn't really appreciate what I was hearing. Unfortunately, she got away from her roots. Now she has returned ","2000-02-15 05:30:07","0"
"668","1","1","Band saves CD","As usual, Dolly continues trying to sing but has no voice. The musicians are the only good thing about this recording. She's attempting to sing country songs Bluegrass style and it doesn't work.","2020-02-24 22:26:43","0"
"930","46","2","Almost perfect CD","The only reason I am giving this CD 4 stars instead of 5, is because it is too short! Lhasa's voice is sultry, sad and powerful. The music is haunting yet airy. Perfection!","2010-02-26 21:18:21","0"
"904","47","5","The Castle in the Attic","I would recommend this book to any kids who love a great adventure. I was on the edge of my seat the whole way through the book. I especially loved the Silver Knight and how he became friends with William. Go get this book!","1994-11-26 02:39:49","0"
"181","36","3","non stop adventure","This was a great and is very magical. A young boy's nanny is leaving and gives him a small castal as a going away present but it turns out that the night that came w/the castal is a real night that has been shrunken and turned to stone. The young boy bre","1995-07-15 22:13:27","0"
"183","0","0","worst book in the world!!!!!!!!!!!!!!!!!!!!!!!!!!!!!!!!!!!!","This was the worst book I have ever read in my entire life! I was forced to read it for school. It was complicated and very boring. I would not recommend this book to anyone!! Please don't waste your time and money to read this book!! Read something else","1997-07-10 15:22:11","0"
"933","4","3","One of my favorites as a kid","I loved this book when I was about eight years old, and looking back on it, it's easy to see why: William, the main character, is a gymnast (just as I was) who's rather shy and reserved (just as I was) but manages, when it's important, to help the people","1982-03-05 00:16:02","0"
"224","25","3","excellent","Good price, excellent design and shipped well.Would've been better if the vendor also provided personalized engraving.","1999-11-17 10:28:47","0"
"652","10","5","Best witch book i've ever read!!!","Spellbinder was the 1st Night World book I have ever read.I recomended this book to ALL my friends,and I recomend it to you also. L.J. Smith is a very talented writer and I plan to read ALL of her books to come.","2008-10-23 10:23:50","0"
"96","37","0","Maybe next time...","I, like a lot of people writing reviews, play a lot of first person shooters. If you liked Splinter Cell, buy TRAOD USED!!! I agree with everyone here...story is good, controls are less than mediocre. Even Enter the Matrix blew this game away. Customizin","1983-11-23 22:05:38","0"
"609","42","4","To many issues","The story is very interesting and the action and enemies are awesome, but the game just has to many technical issues. I think they rushed to get it on the shelves ASAP. Tech problems are my only quirk with the game.","1979-03-24 07:37:31","0"
"494","27","1","Lara should have remained in the tomb","I was so looking forward to this game being released, I was on the internet on a weekly basis looking for a new release date. Delay after delay. I bought the game the day of it's release. Loaded it onto my computer, and was ready to play. I had one disap","2011-10-23 22:49:44","0"
"622","39","2","Angel of darkness is correct","This game is the angel of darkness - THe control system is impossible - The menu screens are ridiculous and bulky to manage - I have played all the tomb raider games - This one is near to unplayable - This thing went straight to EBAY - save your money fo","2001-10-26 02:42:05","0"
"996","36","3","Great Work, Poorly Organized Kindle Book","This review is intended as a review of the book, not of the work of Edgar Allan Poe. As a Poe fan, I purchased this book just for the pure fun of reading Poe on my Kindle. However, the book is so poorly organized that finding a particular tale or poem is","2021-05-24 12:40:58","0"
"451","15","2","this will interest children in insects","This would be a great book for use in elementary school science classes. It has a wonderful layout, with many beautiful photographs (if insects can be called beautiful). The text, mixed nicely with the pictures, covers basic information on insects as wel","1985-08-28 19:21:54","0"
"944","38","3","Good, but only to the midway point","This is a wonderful Victorian-style novel about a manor house, its mistress, and her domestics. Wonderful that is, until the middle of the story. The author makes choices that effectively shut down the flow and pacing of the story. It's spooky and intere","2015-10-12 17:55:48","0"
"385","15","0","a terrible product","this is not well manufactured i recieved it in a timely manner. but the product is poorly constructed my husbandand i put it together easily but the cotter key to hold on the wheels are made of flimsy material, might as well have been foil. and the screw","2012-06-02 06:37:37","0"
"934","18","1","BUYER BEWARE","This is the biggest waste of money I have spent in a long time. It didn't even make it through one bag of leaves. I would demand my money back but it would cost too much to send back. Can't believe Amazon still has this piece of trash in their online sho","1996-06-03 05:32:02","0"
"472","29","3","Didactic melodrama","I have read enough to know when I'm being preached to, and Huxley is unsuccessful in masking his assertions re: the human condition in The Island. I was very disappointed, since Huxley has the ability to write well, even about esoteric subjects (see The ","1987-01-11 17:57:45","0"
"195","15","4","Well, not everything","It was a decent book, but not a lot of new information for me. For the most part, it simply confirmed some basics I have long believed in - not living out your dreams through your children, encouraging exploration without forcing achievement, the need to","2018-06-17 05:10:04","0"
"962","44","0","Software is Horrible!","This software is not user friendly. The samples don't help. I would imagine that if I sat down for a few hundred hours I could figure out were the dots go. The whole interface just doesn't make any sense. It's very time consuming. Total waste of 30 dolla","2019-01-08 08:03:33","0"
"773","45","0","Biography of Wright and his works","Easy reading book which I would recommend for those who want a sort of ""executive summary"" of the story behind Wright and his works. Having said this, I found the depth and detail lacking for those who have read extensively about this architect whose not","1999-08-09 06:57:31","0"
"785","29","4","The Top Ten List for Christians byJames W. Moore","A bit simplistic at times, but got some good discussions goingin our Sunday School class (Methodist). Would recommend itfor Contemporary Adult Sunday School classes or Bible studies.","1970-04-13 09:15:57","0"
"586","20","5","Live it","Still have this works great my food is kept fresh inside the dome, so has a good seal to it.","2009-10-28 02:36:53","0"
"534","19","4","elem diff e-q's","While the shipping was AMAZING, the book itself is not much use other than as a list of problems. The text explaining the theory behind is written like sandpaper and often jumps around leaving important processes out. It would be a very hard book to use ","1990-05-19 12:01:01","0"
"121","8","1","This is really cool!","This is a really cool record to own. My Favorite Muffs albums are Happy Birthday To Me and Alert Today Alive Tomorrow so I like their later material. This Hambuger is a lot of early stuff and some later but I really like it. I think its cronilogical and ","2006-06-28 07:10:27","0"
"59","42","5","Very Disappointing.","I was hoping that this band would have evolved in some or any degree over the past decade, but sadly they have not. Having the courtney love message on this cd is further testament that this band is tapped out. Now that Kim is in her 40s, you'd think the","2011-08-11 15:41:39","0"
"224","45","4","A carefully constructed read.","This book is structured such that on all the even pages there are a short pithy quotes that summarize the textaul body of the book on the odd pages. The book is written in the style of a manual so that you can dip into it at any point with no need to ref","2003-06-28 18:27:36","0"
"141","46","4","Poor quality and high price... are these knock-offs?","I ordered two in Cowboy Slim Cut 33x34. I already had some Wranglers. The waist was way too small, the fly was off to my left in a really weird and very ugly and uncomfortable way. These were made in Mexico, just like the ones I bought at Target, but the","2017-01-13 02:50:56","0"
"341","5","2","Almost perfect","Stockings are not easy to find where I live in Northern California and I cannot stand to wear panty hose. I decided to try these stockings that was recommended by the site I used to find a garter belt. I really like the stockings. They are darker black t","2015-10-17 01:56:10","0"
"80","10","0","Not Stainless","These may look like brushed stainless steel but they are not. The magnet that is glued to the back of these is about 3/8"" and will not hold anything heavier than a very light potholder. I tried hanging an apron on it and it fell to the bottom of the refr","1982-11-16 03:12:47","0"
"973","40","2","The meaning of God, the meaning of life.","Both of these issues, among others, are examined in this simple yet complex story about a variety of characters, all of whom we recognize.What lies beneath the skin of the average person? What do they believe in, and why? What makes their worlds shatter?","2003-08-07 14:27:59","0"
"910","5","0","What a disappointment!","I am a big Belva Plain fan and have always enjoyed her books. After the Fire is a disappointing read. What bothered me the most is the character of Hyacinth-what a weak and stupid woman! She is not believable at all. Any mother will fight to the end for ","1990-12-07 17:15:02","0"
"963","26","1","You get what you pay for.","I was expecting a bigger set so was surprised at how small it was. I should have spent more for a better set, but it will have to do for now.","1983-05-19 23:51:24","0"
"736","41","5","junk!","Don't buy this! Didn't even come with all the screws. You could build a better set with twigs. Skip it.","2011-12-13 01:35:20","0"
"701","4","3","fireplace tool set","Good product. Got it in a timely manner. Does exactly what it is supposed to do. Not too expensive and just as good as the rest of the tools that are over priced. The tools work great and have been used a lot this winter.","1974-05-21 01:47:22","0"
"271","43","2","Failed to Work","I was unable to get this game to work in Windows Vista. I inquired about a patch but did not receive a response.","1986-03-18 13:56:21","0"
"939","8","2","Long Hot Summer","Sweet Dream Baby by Sterling WatsonOn a sultry summer river, two young people explore small town life in the backwater of Florida . This tapestry of a story mesmerized me with its rich characters and tangled landscapes, its troubled families and brooding","1995-04-06 15:28:29","0"
"299","0","3","Mathematical nonsense","Mathematically speaking, this book is all nonsense. For instance, the author argues that owning a home is more expensive than not owning. This is true if you compare a person living under a tree versus one owning a home. He argues that the person owning ","1975-08-18 10:15:28","0"
"519","6","0","Boring ...","I bought the book because I read the review and it look interesting and funny. But after the first pages, I knew that this was a mistake. Is very repetitive and some of the content really ridiculous for this age and time.","1986-07-16 10:09:44","0"
"778","11","2","Stuck With You","I didn't really like the book. If the author didn't write the sex portion of the book, there would not have been much to write about. What happened with Nick and the law suit. It was barely mentioned. She could have written more about that and less the d","2021-03-20 16:00:00","0"
"322","16","1","None","Awesome.... simply awesome. I couldn't put this down and laughed, smiled, and even got tears! A brand new favorite author.","2020-11-27 09:11:02","0"
"328","21","0","Witty and clever.","This was a really fun read. The dialogue was witty and clever. I really enjoyed the progression of the romance. It probably could have been tied up a little sooner. The last 10th of the book kind of drags out the story with storyline that should have bee","2007-09-18 03:48:06","0"
"60","31","1","Glorify Thy Name w/ Kent Henry","Great! This is a Kent Henry praise and worship classic - you can not go wrong with this one. Do not sleep on Kent Henry. I've mentioned in previous reviews that he is one of my favorite praise and worship leaders. This man is gifted, anointed and sings m","1982-03-20 11:56:52","0"
"522","46","4","lousy, outdated guide, with horrible printing flaws!","First thing I noticed about this book was that the pages were stuck together. No, really...they were. The printer did not get it right when they cut the edges of this book. There were many pages that had to be hand cut just to TURN them. I could not stan","1990-01-31 04:15:43","0"
"609","26","2","Still yet to recieve","I am still yet to receive these items that I purchased 4 months ago. I've tried everything to track where they might be but no success!!!","2018-05-08 10:26:08","0"
"488","33","5","Big things in small package","When I purchased this small hardcover book, I didn't expect very much. I was pleasantly surprised when I read it in one sitting, twice! You will not want to put this one down.LBW is simple, yet romantic. The story originates in Africa with childhood frie","1996-09-28 12:30:21","0"
"427","31","2","broken :(","The base and frame were not completely attached. Fixed with a little glue. My friend loved it after that.","2022-02-25 19:51:36","0"
"267","0","2","Lousy RF range; ON worked from further away than OFF","The range of use was practically useless. I could get about 10 - 15 feet of range for the ""ON"" button, but had to put the remote right against the receiver to get the ""OFF"" to even work. I bought this particular model because it had discrete on and off b","2003-01-25 08:00:50","0"
"684","8","4","Left me feeling wanting.........","Somehow, if I had spent the time reading the book a little before purchasing, I wouldn't have bought it. He talks extensively about competition rigs, rules, etc. which I had no interest in. I have yet to see a gun rag writer talk honestly about guns. Eve","2007-07-04 20:36:21","0"
"191","39","1","Gun Digest 1911 Review","This was purchased as a Christmas gift. Excellent tutorial and very entertaining. The detailed discriptions and the pictures were informative. I spoke with the recipient of the gift after Christmas and he agreed. I really appreciate Amazon's speedy servi","1987-11-17 10:54:45","0"
"496","12","3","THIS CD SUCKX!!!!!!!!!!!!!!","I WAS LISTENING TO THIS CD AT MY FRIENDS HOUSE, AND IT REALLY SUCKED!!!!! IF SOMEONE IS ITNERESTED IN BUYING THIS, DON'T, IT'S A WATSE OF YOUR MONEY!!!!!!!","1987-12-12 15:01:54","0"
"736","12","4","Nice but Sony must give us more info","This is a very nice tripod, is strong, elegant and cool, I love it, but the only trouble that I find it, it is that this cool gadget does not have a detail list of compatible sony cameras, I mean I am an owner of 2 sony cybershot camera`s, the W80 and H2","2003-02-08 23:21:13","0"
"660","38","3","LIvely Experimental Synthesizer Jazz with Global Fusion","This CD has instrumental experimental Jazz and near trance synthesizer pieces. Some of the rhythm patterns have a Latin flavor and feel very danceable. Others remind me of chill out lounge music. A few selections have some subdued vocals that are more pa","2019-10-14 04:52:00","0"
"512","22","4","CUT IT UP DEF","IT'S OLD SCHOOL JAMS!!! I HAVE SEARCHED AND SEARCHED FOR THIS CD FOR THE LONGEST. I HAVE FINALLY FOUND IT!!! NOW I HAVE TO PURCHASE IT.","2014-04-27 12:06:04","0"
"396","29","2","I do not recommend this vacuum","We bought this Emer Galilieo vacuum cleaner for about $400 more than one year ago. The retractable cord broke after a short time. We had to send the vacuum to NJ to get it repaired by using the warranty. After a month they sent it back with the same prob","1987-01-02 01:20:17","0"
"630","42","0","More Fiction than fact","Donal Cline clearly demonstrates his inability to distinguish fact from fiction. I find his book to be biased (towards the Murphy-Dolan faction), poorly researched (claiming that Billy the Kid was known as Michael McCarty), and his findings to be very qu","1973-09-17 22:55:20","0"
"182","42","1","waste of time and money!!!!!!!!!!!!!","The Squiggler fell apart at second use, with no way to put the prongs back into the base. This is a worthless piece of junk! Do not waste your time on this sub-standard, horribly designed and made product!!!!!","2009-10-31 06:15:34","0"
"924","9","5","CO alarm","Easy product to install. No fuss. Plug it in. It is out of sight behind a couch. I am satisfied.j.","1971-06-30 02:45:22","0"
"648","13","1","Easy as it can be.","I bought the First Alert CO600 for two reasons. I own a rental unit and California requires a carbon monoxide alarm in each one. The second reason is the price. I ordered this unit and had it delivered to my rental unit. The lady who rents from me is not","1975-08-24 13:14:07","0"
"52","38","4","""THE ROCKETS RED GLARE"" ???","This over-priced pain in ""the sitting area"" has an always-on, glaring RED light.*Red lights are commonly used to warn of an immediate danger that requires attention NOW.*NO-I don't have a carbon Monoxide problem. The red light also stayed on for a week w","1997-11-19 16:38:29","0"
"269","45","5","Absolutely great tripod for movie camera","excellent and cheap...panning acts almost like the $400+ tripods for movie cameras...and the controls in the handle add to the convenience and control of ""shaky"" movement...sold...stable...tall...worth the price","1996-04-27 09:37:30","0"
"586","1","0","A written masterpiece","I first read this book in 1984/85 while in high school and I have bought copies for several friends in the last 15 years. I plan on giving this book as a gift to everyone for Xmas with a basket of white and yellow candles. I read this book at least 2 tim","2006-08-01 10:31:40","0"
"658","17","3","Love Jerry and Dean, just not this version","I was very disappointed with this....I realize it is a 1950 film, however, the sound and picture were off much if not all of the film. Additionally, it wasn't listed as a DVD-R, but is. Wish it had been a better quality production with sound and picture ","1997-05-29 07:10:01","0"
"247","12","4","Crap, Junk, Worthless, etc","The other 1-star poster is absolutely correct; these things are crap. I ordered two of them for both my kids and neither worked at all. The rockets didn't seal on the pump so no pressure could be pumped into them, thus making them useless. I had high hop","1997-05-22 13:21:30","0"
"748","18","3","Dense with knowledge","This film is filled with informative interviews which is great. This film is also subtitled. Not so great. Definately worth an afternoon. Watch this film with intention because it is filled with teachings, visual cues and subtitles.","1974-11-24 02:41:28","0"
"145","38","0","I'd give it 6+ stars if I could!","The cover blurb on this book says it all: ""For office slaves, Internet addicts and stressed-out students."" (ha! I am all three) If you are like me and have looked at many a Yoga book but put them aside due to the difficult positions/instructions or the t","1988-04-24 07:25:06","0"
"612","41","5","An American Treasure","Charles Brown is an American treasure. His blues piano stylings are the perfect compliment to his unmistakable vocals. The selections on this cd are typical of the high quality music that CB has produced his entire life. Buy this cd. Buy any cd by Charle","2013-10-25 21:06:15","0"
"735","49","0","not finding comfort in food","I have read this book in search of a way to view my body and my self more positively. However, this book claims that only the overweight or people with eating disorders lack self-confidence. It is not true, obviously. I am not overweight and never had an","1985-03-09 15:20:23","0"
"901","12","1","Typical Thomas video, all about James","THe biggest problem with this DVD is the order of the episodes as someone has complained about in many other video reviews. Several episodes specifically refer to an episode where a bootstrap is used on James's brake line. The episode in which this actua","1982-04-14 01:51:05","0"
"249","4","1","Inexpensive but poor quality","The set was shipped with a carrying case that was covered in an oil-like substance and either the oil or the case itself smelled horrendous. Also, the punches are very dull and not uniformly sharpened (or dulled, however you look at it). I have difficult","2012-03-06 02:14:55","0"
"523","19","1","Dull and dirty","Well I don't usually write reviews but I feel the need with this product.1rst. They were caked with mud ...what's up with this?2nd. They are dullI guess they can be sharpened ..we'll see","2002-05-29 16:44:03","0"
"668","9","4","Deserving of the Pulitzer it won; but don't be scared by it.","Remnick won the Pulitzer for this unwrapping of 70 plus years of communist control of a collection of nations. In depth, he discusses the purges, the environment and events that allowed them to occur, the Russian view of the Patriotic War (WWII), the ris","1992-02-21 06:20:58","0"
"760","49","5","""Like this"" by Technotronic featuring Monday Midnite","Like this is breath of fresh air in the dance music world filled with meaningless Technobeat with no specific direction. This song brought back the good memories of the 70's by using a sample of the classic ""clean up the ghetto"". Monday Midnite's freesty","1993-04-17 22:03:43","0"
"805","13","3","A Disappointing Misrepresentation","Baking With Julia is an AMAZING Book.It is an exceptionally well written resource that is an accurate reflection of the PBS televised series of same name.When I stumbled onto the option to order a DVD [suposedly of the full series] on the book's writter,","2012-09-24 17:39:59","0"
"212","31","2","A peek inside the process.","First thing's first, ""Homespun"" is an album of demos for ""Apple Venus"". If you don't have that record, look there first (although if you're new to XTC, ""Skylarking"" is the usual recommendation).So a collection of demos, what to expect? Essentially it's a","2000-04-19 14:11:45","0"
"375","47","5","As good as the guy's new book on Horatio Nelson.","I read Antony Beevor which got me hooked on Stalingrad, and this book is as good as Beevor's. It is also as good as Hayward's new book on Admiral Nelson. Both get my high praise. Scholarly works that are also readable are few and far between, so make the","1993-03-20 02:39:26","0"
"162","5","2","a worthy addition to WW II Eastern Front histories","I've read a tremendous amount on the subject of WW II history, so very rarely do I read a book with anything new to tell me. This book is in that class and well-written too. The two points I found interesting were the discussion of the original focus of ","1993-10-18 17:02:03","0"
"723","10","5","Do Not Buy This Software!","I tried this software as an alternative to ULead's DVD PictureShow. The good news: DVD Photoplay makes it easier to load pictures into a slide show project than ULead's software.The bad news: THE SOFTWARE DOESN'T WORK. I've tested the program on three co","1986-05-24 06:00:10","0"
"498","4","1","Spiderman Trilogy [Blu-ray]","This is an oustanding product, i love the quality of the picture and sound. if you are a spiderman fan, blu-ray is the way to go! I highly recommend this product!","2015-05-30 17:11:27","0"
"164","45","0","Awesome","This movie was awesome! The picture and sound quality were top notch as well as the bonus content. Definitely worth every cent.","2008-01-06 19:45:55","0"
"996","4","5","I am so glad I found this!","At one time this cereal was available in my local stores. However it was discontinued. I searched the internet and finally found ""Quaker Oat Bran"" here. The cereal is great it is crunchy and holds the crunchiness even after you add the milk. I love the f","2022-04-19 12:58:17","0"
"720","13","4","Excellent.....REALLY","Once I recovered from the eye strain at the tiny print, I realized I'd just read an earth shattering book on Wicca and Witchcraft. Taken in hand, with all the books with bad history, this book fixes them all. Just rip out the history section in every boo","1984-11-02 13:47:19","0"
"501","1","3","Its a cable","Its a cable, it works, what else do you want? I know its not the cheapest one out there, but this one says ""sony"" on it. Yea!! But, I am a true believer that you only get what you pay for. Im sure its better quality than the five dollar version at the fl","1996-10-31 23:25:39","0"
"675","24","0","awesome book to explain death to children","The book is great. Just watch out for the shipping especially if you want to order more than 1. You cant do it without paying double the shipping... bad rip off.","2013-09-11 06:02:20","0"
"493","17","2","I'm grateful for this book","We had two beloved cats die during my child's fifth year and I wanted a book that dealt with death frankly but gently. This book doesn't promise eternal life or give any religious message. In several different ways and using different living things as ex","2004-01-31 16:36:58","0"
"579","6","4","Effective book for discussing physical death with a child","As a public school librarian, I would say that ""Lifetimes"" is an effective picture book for an adult to share with a child (or children) in dealing with the subject of death. However, as a person of faith, I would add that the scope of this book is limit","1983-04-13 22:16:24","0"
"808","18","4","Great band even better now","Ra has to be one of the most underrated band in rock music.When I heard their first cd I was blown away. These guys are amazing. The whole feel of this band is just is so different than anything I have heard in many years. This cd is really good and I wo","2005-03-26 05:37:40","0"
"453","5","0","USA1","Is this the current state of scholarship at the Academy today?? No footnotes or primary sources listed for such conclusions?? Are we supposed to believe these pinheads just because they have PHD behind their name? The other side can list hundreds of prim","2009-04-25 11:05:29","0"
"230","49","2","Worst Night World book","This is the worst book in the Night World series. Gillian is LJ Smith's worst heroine[Mary Lynette is the best] Gillian is superficial, all she thinks about is being the most popular girl at school and getting David. David is the worst Night World hero[T","1980-04-10 15:36:07","0"
"317","1","4","This book is messed up","In this book, not only is there no real ""love"" scenes, but to top it off, the girl's cousin tries to convince her that he is her soulmate. Granted, Angel is dead, but he's still related to her and definately should NOT be trying to catch his own cousin. ","2012-10-23 00:36:06","0"
"306","16","0","Impressive","One of the few CDs of Asatru music that I actually enjoy. I could quibble with some things in the lyrics which are not quite in line with the lore, but overall I find the music both pleasant and inspiring.This CD draws upon Scandinavian folk music for in","2002-06-04 20:57:10","0"
"464","42","4","The Haiku Year exemplifies integrating creativity","This small gem of a book can be appreciated not only from a modern poetic viewpoint but also from a philosophical standpoint as a comment on integrating pure creativity into our everyday motions. Read this book and be prepared to question your own though","1983-12-03 09:20:26","0"
"718","29","1","Not What I'd Hoped For","I had expected, or at least hoped for, a more or less straightforward account of the Mothman phenomenon of some 30 years ago. Instead, this meandering book comprises ""hick"" UFO sightings that are only infrequently connected with Mothman, and Keel's trust","2015-01-07 17:58:21","0"
"921","12","2","SHAME ON YOU MR. KEEL !!!","Let me just start by saying that the "" MOTHMAN PROPHECIES"" is not a novel, nor is it a coherent story. It starts strong, just enough to draw you in, then it goes down the spectral energy crap hole. Were led to believe that Mr. Keel is a sensiable, unbias","2006-04-15 10:32:52","0"
"195","33","4","And the point was...?","Although I prefer books with an actual plot, I don't mind reading choppy, journal-type entries if there is actually a point to all of it, or if at least such entries are entertaining. This book's are, albeit only in the beginning. After a while you'll be","2010-09-17 15:00:46","0"
"386","28","0","Mothman proficies ?","257 pages covering Men in Black, lights in the sky, and phone troubles. 10 pages about the Mothman. If you want to read the same old 70's UFO stories, this is your book. If you want to read about the Mothman, buy something else.","1997-09-28 18:13:47","0"
"642","5","3","Never Before.......","Have I quit reading a book.I made it to page 123 before I had to stop. I've waited years to read this, oh man was I disappointed.I thought it would be an intelligent well written peice on the mothman mystery. I don't know what this was. Holy mackeral. i'","2005-06-10 22:11:52","0"
"603","1","0","Are you joking?","I'm giving it one star because less isn't possible here.You people _do_ realize that this book and all others of its kind are complete and utter fiction, right? There is and can be no truth behind them whatsoever: no science, no documentary or physical e","2021-02-15 13:25:37","0"
"937","13","1","fine if you support terrorism","I find the terrorist links in her songs offensive.Taken from Fire Fire-""Growin up, Brewin UpGuerilla gettin trained uplook out look outFrom over the Rooftop"" [reffering to LTTE snipers]""Competition coming up nowLoad up,Aim,Fire Fire,Pop""She has a lot of ","1992-04-07 13:13:10","0"
"474","29","3","Good for afterwork cruising, better for airplane tranquility","Listening to this cd, I turned my car stereo all the way up, on my way back from work. The lyric is very ostentatious and the beats are showy. 10 dollars and Hombre are two of my favorite tracks, they are both clever yet funny. It does have a political o","1976-11-12 01:22:16","0"
"302","49","3","What's the big deal?","The only thing interesting about this album is mia's accent. Seriously, the beats her singing is layered over are tired and clichéd. If the vocals on this album were by anyone else it would not be in the top 500. Final Verdict: Bad music.","1995-12-12 09:25:39","0"
"534","7","3","Excellant","I love Kala as well, because it sounds cleaner and more developed. However this album was an excellant break out in her career. fire, fire is one of my favorites. Mix with marijuana.","1980-05-15 16:28:32","0"
"930","22","2","So Original, So Fun","A friend introduced me to this CD and it's quickly become a favourite. M.I.A.'s music so catchy and so fun to dance to, yet it's also lasting...I've been listening to it over and over. And I love the fact that she brings an ethnic vibe into her music.","1986-08-30 05:37:22","0"
"946","36","5","noritake colorwave stoneware","I was disappointed with the shipping delay of the cooking company. They said they would reimburse the shipping charges but to this date they have not. The product was shipped beyond the date which they said they would ship it, and this was an unusual amo","2000-06-06 07:27:07","0"
"371","32","0","A wish to time travel to 1880's Rockaway.","Old Rockaway, New York in Early Photographs, exceeded my expectations! I thought it would provide a photographic history of perhaps the 1930's and 1940's. I was pleasantly surprised to find nineteenth century photographs of the peninsula in its true heyd","2015-08-12 08:51:04","0"
"771","19","1","Old age gold...","As a 27 year old man from the UK, I was stunned by how this record took me back to bike rides along the beach in a simpler time (which was quite frankly, before my time). I love it and hope you do too.Thanks, OC.","1998-02-23 22:54:14","0"
"724","18","4","Tiene que ser sensilla!!","Quien no va a ser sensilla con la poca fama, talento, y bellesa que esta mujer tiene? No tiene voz suave, ni fuerte. Deveria dedicarse a otra cosa. Lo que sea.. menos cantar, y actuar porque seria igual de ridicula que Patty Navidad!! Este es uno de los ","2005-08-13 16:56:45","0"
"313","39","1","Repetitive and monotone","I really wanted to like this book based on the title and the cover art. Instead, I found myself not caring about the narrator whatsoever. She repeats the same few thoughts throughout the entire book. She reminds the reader that her mother is dead and tha","2008-12-31 11:07:53","0"
"810","35","0","Worst book I've ever read","This has got to be one of the most depressing books I have ever read. Not depressing in the sense that the tone of the book was depressing (which it was), but depressing in the sense that it was such poor quality. This was the first book I ""attempted"" to","1981-02-26 10:50:11","0"
"276","35","5","Frankenstein Continued??","When I first heard about this book, I wonderded if it was going to be a new story or a continuation. Fortunately, a continuation.I had read reviews about the book here and after the local library did not ever have a copy in sock, I bought it. I read it i","1995-01-02 14:52:43","0"
"88","15","2","Fine until it started eating tapes","Like many of the other reviewers, my ZR40 is now giving me the infamous ""Remove cassette"" message and is mangling tapes. I have used it to record maybe 7 hours worth of video over the last two years. Search the web for ""canon zr users group"" and ""eating ","2004-12-17 00:20:35","0"
"501","49","0","My [Goodness]!!!!","world.....do noti repeatdo not get this camcorderthere is nothing worse than thisi wasted [money]buying it from amazon.comi could have gotten the same thing [for less]including firewire, 4 dv's, and a carrying caseIt is honestly the worst, disgusting, an","1976-10-09 07:40:23","0"
"583","14","2","Lots of effects, lightweight & easy to use.","Awesome Camcorder & Camera functions in this lightweight, easy to use camcorder make it a breeze to shoot great memories for a novice like me, right out of the box. This camcorder also has a huge selection of special effects, and options to make really i","2005-03-27 07:07:32","0"
"321","2","2","excellent book for the novice improviser to the instructor","Izzy does a great job of making the format of the book simple yet engaging. His explaination of the games with goals, group size, time, process and variations for each of the games is very helpful. It is written so that a sales team leader could pick it ","2003-04-16 11:43:33","0"
"327","39","0","hard -to-find tension rods","Our living room has a ""bow"" window with five narrow panels. I looked many places for narrow-but-strong tension rods. I was pleased to find these and to get free shipping. I am very happy with my purchase. Thank you.","1985-09-10 10:51:40","0"
"57","18","1","YES, YES, YES great read","Love the book..I was born 250 years too late..I would have liked to been there at the time...HOWEVER, massacre does not sound like it feels good ! lol","2006-06-22 15:54:10","0"
"593","39","5","A MUST HAVE!","I am not one for writing reviews. Just in it for the music. Dance With Angels is FANTASTIC! You pass on this CD and it is your loss.","1982-02-27 15:31:15","0"
"70","25","3","Paradise kiss rocks!!!!","OMG!! thats all i can say.its just sooo fabulous!!! when i first heard about it i was contridicting weather or not i should read it but then i decided ,""hey why not?"" now that i read this fab manga,theres no turning back!!!this is totally a keeper! i str","1982-05-27 23:58:38","0"
"451","25","2","If you are a Nirvana fan this album is not for you.","I am a huge Nirvana fan I have been one ever since 1990 when I first listened to Bleach. If you are die hard like me you will not like this album, you probably already have all the songs on this album so don't waste your money. The only reason I would re","1973-02-10 21:49:02","0"
"980","28","3","Ehh","The disc is intact but the case is in terrible ocndition. It is broken in half and chipped off of the top portion of the case.","1970-01-15 20:00:24","0"
"285","38","1","""True"" Nirvana sucks","I'll tell you what's REALLY in the spirit of the band: that FBI seal and warning on the back cover that states that any and all duplications of the cd are ""illegal"". Not that anybody would enjoy a duplication anyway. If this is ""true"" Nirvana, then ""true","2021-04-23 07:33:28","0"
"342","19","1","garbage","Complete garbage, the sound quality is horrible, if your going to release a best of cd, record it with something other than a preschool microphone covered with a wet rag.","2003-01-31 02:34:36","0"
"660","43","5","Not what I expected","I should have read what the cd was about. I thought it was just music by Chopin but it was really a lot of soprano singing.","1972-12-15 09:04:57","0"
"515","36","5","Love these glasses","I love these Anchor Hocking glasses. My parents have had a set of this pattern for years. When I moved into my own place in college and was tired of the free plastic cups I had I went to the store and found these glasses. I have 8 big glasses in a blue c","2021-12-24 14:12:41","0"
"981","6","5","Forsyte Saga - a well awarded but oft forgotten classic","I'll make this short and to the point. I'm quite the avid reader, but usually I don't enjoy books of this nature, opting for fantasy and sci-fi escapism instead. This story is just beautifully told though. The subtleties of the characters and the twistin","2018-06-06 13:06:37","0"
"227","20","3","The book is great but the edition is an embarrasment","... for Oxford University Press. There are quite a few annoying typos. I can see how the new Forsyte by the name Scames or the unlisted French word ""ficbe"" came about as a result of faulty character recognition, but how Soames, born in 1855, got to be th","1980-02-10 10:49:17","0"
"269","33","1","Expensive experiment that didn't work","I was hoping for an acid that was convenient to use. Well, this is pretty convenient, just swipe. But it did nothing for me. I wanted to try and get rid of the little bumps clogging my pores and frequent breakouts. However, my skin remained the same. And","1974-11-08 18:44:39","0"
"426","10","0","Lame Jujitsuka","I find that the moves that Wally Jay was at best very mediocre. I am originally from Hawaii and have had many Judokas that can do major moves that when watching them, the moves that they do is much more fluid and very continuous. To see that many martial","1999-01-18 04:27:01","0"
"823","38","2","Small type","My review centers on only one thing - the type size. This edition is disappointingly and, in my humble opinion, unnecessarily small. Increasing the type size a point or two would move the edition from unreadable to readable and, at most, increase the boo","1998-05-24 20:13:29","0"
"972","0","3","Takes Tree-hugging to a New Level (Third)","In the forest of Midworld, one had better learn to hug close to one's home tree or risk being killed by innumerable plants, animals, insects, and other beings less well categorized.Yet, despite a living space defined by various levels of Hell below and a","2012-09-07 23:50:56","0"
"458","10","0","Best Alan Dean Foster book!","I read this years ago when I was a pre-teen, and it had me hooked on SF.Alan Dean has let me down time and time again since, but this book is a classic.You MUST read this one. It'll be fun, and you won't be able to put it down.After finishing this one, t","2007-03-26 11:44:07","0"
"564","5","2","Plain Putrid","This book is so obscene in some parts, and its not even written by Naomi Campbell, but some filthy man. Dont pick up this book if you want your brain to be burnt away by the promiscious literary flop of some freak.","2020-04-14 04:49:40","0"
"532","43","2","Can I shoot myself now??","A few years back I was forced to read ""Tess"" for my English class. Nobody in my class could ever finish reading the book... only a few of us could ever even finish the Cliff Notes for it. Our Professor tried solving the situation by renting us the video,","2009-01-28 03:53:57","0"
"311","21","3","Awful","This was one of the worst books I have ever read. It goes on way to long with a lot of filler which seems out of place.","2020-09-22 12:07:24","0"
"72","21","0","Cruel and Depressing Story","Hardy paints a cruel picture of women in lower society. They are either tempted or cause evil mischief with a tragic ending. He had created a virtuous women in the form of Tess and ends her as a criminal. It is impossible for a women of Tess's virtue to ","1981-04-25 11:47:36","0"
